
AVRASM ver. 2.1.30  F:\University\8th term\Microprocessor Labratory\Poject_AZ\Project\digital_lock\Code\codevision_file\Debug\List\code_project.asm Wed Jun 17 15:28:14 2026

                 
                 
                 ;CodeVisionAVR C Compiler V3.14 Advanced
                 ;(C) Copyright 1998-2014 Pavel Haiduc, HP InfoTech s.r.l.
                 ;http://www.hpinfotech.com
                 
                 ;Build configuration    : Debug
                 ;Chip type              : ATmega32
                 ;Program type           : Application
                 ;Clock frequency        : 8.000000 MHz
                 ;Memory model           : Small
                 ;Optimize for           : Size
                 ;(s)printf features     : int, width
                 ;(s)scanf features      : int, width
                 ;External RAM size      : 0
                 ;Data Stack size        : 512 byte(s)
                 ;Heap size              : 0 byte(s)
                 ;Promote 'char' to 'int': Yes
                 ;'char' is unsigned     : Yes
                 ;8 bit enums            : Yes
                 ;Global 'const' stored in FLASH: No
                 ;Enhanced function parameter passing: Yes
                 ;Enhanced core instructions: On
                 ;Automatic register allocation for global variables: On
                 ;Smart register allocation: On
                 
                 	#define _MODEL_SMALL_
                 
                 	#pragma AVRPART ADMIN PART_NAME ATmega32
                 	#pragma AVRPART MEMORY PROG_FLASH 32768
                 	#pragma AVRPART MEMORY EEPROM 1024
                 	#pragma AVRPART MEMORY INT_SRAM SIZE 2048
                 	#pragma AVRPART MEMORY INT_SRAM START_ADDR 0x60
                 
                 	#define CALL_SUPPORTED 1
                 
                 	.LISTMAC
                 	.EQU UDRE=0x5
                 	.EQU RXC=0x7
                 	.EQU USR=0xB
                 	.EQU UDR=0xC
                 	.EQU SPSR=0xE
                 	.EQU SPDR=0xF
                 	.EQU EERE=0x0
                 	.EQU EEWE=0x1
                 	.EQU EEMWE=0x2
                 	.EQU EECR=0x1C
                 	.EQU EEDR=0x1D
                 	.EQU EEARL=0x1E
                 	.EQU EEARH=0x1F
                 	.EQU WDTCR=0x21
                 	.EQU MCUCR=0x35
                 	.EQU GICR=0x3B
                 	.EQU SPL=0x3D
                 	.EQU SPH=0x3E
                 	.EQU SREG=0x3F
                 
                 	.DEF R0X0=R0
                 	.DEF R0X1=R1
                 	.DEF R0X2=R2
                 	.DEF R0X3=R3
                 	.DEF R0X4=R4
                 	.DEF R0X5=R5
                 	.DEF R0X6=R6
                 	.DEF R0X7=R7
                 	.DEF R0X8=R8
                 	.DEF R0X9=R9
                 	.DEF R0XA=R10
                 	.DEF R0XB=R11
                 	.DEF R0XC=R12
                 	.DEF R0XD=R13
                 	.DEF R0XE=R14
                 	.DEF R0XF=R15
                 	.DEF R0X10=R16
                 	.DEF R0X11=R17
                 	.DEF R0X12=R18
                 	.DEF R0X13=R19
                 	.DEF R0X14=R20
                 	.DEF R0X15=R21
                 	.DEF R0X16=R22
                 	.DEF R0X17=R23
                 	.DEF R0X18=R24
                 	.DEF R0X19=R25
                 	.DEF R0X1A=R26
                 	.DEF R0X1B=R27
                 	.DEF R0X1C=R28
                 	.DEF R0X1D=R29
                 	.DEF R0X1E=R30
                 	.DEF R0X1F=R31
                 
                 	.EQU __SRAM_START=0x0060
                 	.EQU __SRAM_END=0x085F
                 	.EQU __DSTACK_SIZE=0x0200
                 	.EQU __HEAP_SIZE=0x0000
                 	.EQU __CLEAR_SRAM_SIZE=__SRAM_END-__SRAM_START+1
                 
                 	.MACRO __CPD1N
                 	CPI  R30,LOW(@0)
                 	LDI  R26,HIGH(@0)
                 	CPC  R31,R26
                 	LDI  R26,BYTE3(@0)
                 	CPC  R22,R26
                 	LDI  R26,BYTE4(@0)
                 	CPC  R23,R26
                 	.ENDM
                 
                 	.MACRO __CPD2N
                 	CPI  R26,LOW(@0)
                 	LDI  R30,HIGH(@0)
                 	CPC  R27,R30
                 	LDI  R30,BYTE3(@0)
                 	CPC  R24,R30
                 	LDI  R30,BYTE4(@0)
                 	CPC  R25,R30
                 	.ENDM
                 
                 	.MACRO __CPWRR
                 	CP   R@0,R@2
                 	CPC  R@1,R@3
                 	.ENDM
                 
                 	.MACRO __CPWRN
                 	CPI  R@0,LOW(@2)
                 	LDI  R30,HIGH(@2)
                 	CPC  R@1,R30
                 	.ENDM
                 
                 	.MACRO __ADDB1MN
                 	SUBI R30,LOW(-@0-(@1))
                 	.ENDM
                 
                 	.MACRO __ADDB2MN
                 	SUBI R26,LOW(-@0-(@1))
                 	.ENDM
                 
                 	.MACRO __ADDW1MN
                 	SUBI R30,LOW(-@0-(@1))
                 	SBCI R31,HIGH(-@0-(@1))
                 	.ENDM
                 
                 	.MACRO __ADDW2MN
                 	SUBI R26,LOW(-@0-(@1))
                 	SBCI R27,HIGH(-@0-(@1))
                 	.ENDM
                 
                 	.MACRO __ADDW1FN
                 	SUBI R30,LOW(-2*@0-(@1))
                 	SBCI R31,HIGH(-2*@0-(@1))
                 	.ENDM
                 
                 	.MACRO __ADDD1FN
                 	SUBI R30,LOW(-2*@0-(@1))
                 	SBCI R31,HIGH(-2*@0-(@1))
                 	SBCI R22,BYTE3(-2*@0-(@1))
                 	.ENDM
                 
                 	.MACRO __ADDD1N
                 	SUBI R30,LOW(-@0)
                 	SBCI R31,HIGH(-@0)
                 	SBCI R22,BYTE3(-@0)
                 	SBCI R23,BYTE4(-@0)
                 	.ENDM
                 
                 	.MACRO __ADDD2N
                 	SUBI R26,LOW(-@0)
                 	SBCI R27,HIGH(-@0)
                 	SBCI R24,BYTE3(-@0)
                 	SBCI R25,BYTE4(-@0)
                 	.ENDM
                 
                 	.MACRO __SUBD1N
                 	SUBI R30,LOW(@0)
                 	SBCI R31,HIGH(@0)
                 	SBCI R22,BYTE3(@0)
                 	SBCI R23,BYTE4(@0)
                 	.ENDM
                 
                 	.MACRO __SUBD2N
                 	SUBI R26,LOW(@0)
                 	SBCI R27,HIGH(@0)
                 	SBCI R24,BYTE3(@0)
                 	SBCI R25,BYTE4(@0)
                 	.ENDM
                 
                 	.MACRO __ANDBMNN
                 	LDS  R30,@0+(@1)
                 	ANDI R30,LOW(@2)
                 	STS  @0+(@1),R30
                 	.ENDM
                 
                 	.MACRO __ANDWMNN
                 	LDS  R30,@0+(@1)
                 	ANDI R30,LOW(@2)
                 	STS  @0+(@1),R30
                 	LDS  R30,@0+(@1)+1
                 	ANDI R30,HIGH(@2)
                 	STS  @0+(@1)+1,R30
                 	.ENDM
                 
                 	.MACRO __ANDD1N
                 	ANDI R30,LOW(@0)
                 	ANDI R31,HIGH(@0)
                 	ANDI R22,BYTE3(@0)
                 	ANDI R23,BYTE4(@0)
                 	.ENDM
                 
                 	.MACRO __ANDD2N
                 	ANDI R26,LOW(@0)
                 	ANDI R27,HIGH(@0)
                 	ANDI R24,BYTE3(@0)
                 	ANDI R25,BYTE4(@0)
                 	.ENDM
                 
                 	.MACRO __ORBMNN
                 	LDS  R30,@0+(@1)
                 	ORI  R30,LOW(@2)
                 	STS  @0+(@1),R30
                 	.ENDM
                 
                 	.MACRO __ORWMNN
                 	LDS  R30,@0+(@1)
                 	ORI  R30,LOW(@2)
                 	STS  @0+(@1),R30
                 	LDS  R30,@0+(@1)+1
                 	ORI  R30,HIGH(@2)
                 	STS  @0+(@1)+1,R30
                 	.ENDM
                 
                 	.MACRO __ORD1N
                 	ORI  R30,LOW(@0)
                 	ORI  R31,HIGH(@0)
                 	ORI  R22,BYTE3(@0)
                 	ORI  R23,BYTE4(@0)
                 	.ENDM
                 
                 	.MACRO __ORD2N
                 	ORI  R26,LOW(@0)
                 	ORI  R27,HIGH(@0)
                 	ORI  R24,BYTE3(@0)
                 	ORI  R25,BYTE4(@0)
                 	.ENDM
                 
                 	.MACRO __DELAY_USB
                 	LDI  R24,LOW(@0)
                 __DELAY_USB_LOOP:
                 	DEC  R24
                 	BRNE __DELAY_USB_LOOP
                 	.ENDM
                 
                 	.MACRO __DELAY_USW
                 	LDI  R24,LOW(@0)
                 	LDI  R25,HIGH(@0)
                 __DELAY_USW_LOOP:
                 	SBIW R24,1
                 	BRNE __DELAY_USW_LOOP
                 	.ENDM
                 
                 	.MACRO __GETD1S
                 	LDD  R30,Y+@0
                 	LDD  R31,Y+@0+1
                 	LDD  R22,Y+@0+2
                 	LDD  R23,Y+@0+3
                 	.ENDM
                 
                 	.MACRO __GETD2S
                 	LDD  R26,Y+@0
                 	LDD  R27,Y+@0+1
                 	LDD  R24,Y+@0+2
                 	LDD  R25,Y+@0+3
                 	.ENDM
                 
                 	.MACRO __PUTD1S
                 	STD  Y+@0,R30
                 	STD  Y+@0+1,R31
                 	STD  Y+@0+2,R22
                 	STD  Y+@0+3,R23
                 	.ENDM
                 
                 	.MACRO __PUTD2S
                 	STD  Y+@0,R26
                 	STD  Y+@0+1,R27
                 	STD  Y+@0+2,R24
                 	STD  Y+@0+3,R25
                 	.ENDM
                 
                 	.MACRO __PUTDZ2
                 	STD  Z+@0,R26
                 	STD  Z+@0+1,R27
                 	STD  Z+@0+2,R24
                 	STD  Z+@0+3,R25
                 	.ENDM
                 
                 	.MACRO __CLRD1S
                 	STD  Y+@0,R30
                 	STD  Y+@0+1,R30
                 	STD  Y+@0+2,R30
                 	STD  Y+@0+3,R30
                 	.ENDM
                 
                 	.MACRO __POINTB1MN
                 	LDI  R30,LOW(@0+(@1))
                 	.ENDM
                 
                 	.MACRO __POINTW1MN
                 	LDI  R30,LOW(@0+(@1))
                 	LDI  R31,HIGH(@0+(@1))
                 	.ENDM
                 
                 	.MACRO __POINTD1M
                 	LDI  R30,LOW(@0)
                 	LDI  R31,HIGH(@0)
                 	LDI  R22,BYTE3(@0)
                 	LDI  R23,BYTE4(@0)
                 	.ENDM
                 
                 	.MACRO __POINTW1FN
                 	LDI  R30,LOW(2*@0+(@1))
                 	LDI  R31,HIGH(2*@0+(@1))
                 	.ENDM
                 
                 	.MACRO __POINTD1FN
                 	LDI  R30,LOW(2*@0+(@1))
                 	LDI  R31,HIGH(2*@0+(@1))
                 	LDI  R22,BYTE3(2*@0+(@1))
                 	LDI  R23,BYTE4(2*@0+(@1))
                 	.ENDM
                 
                 	.MACRO __POINTB2MN
                 	LDI  R26,LOW(@0+(@1))
                 	.ENDM
                 
                 	.MACRO __POINTW2MN
                 	LDI  R26,LOW(@0+(@1))
                 	LDI  R27,HIGH(@0+(@1))
                 	.ENDM
                 
                 	.MACRO __POINTW2FN
                 	LDI  R26,LOW(2*@0+(@1))
                 	LDI  R27,HIGH(2*@0+(@1))
                 	.ENDM
                 
                 	.MACRO __POINTD2FN
                 	LDI  R26,LOW(2*@0+(@1))
                 	LDI  R27,HIGH(2*@0+(@1))
                 	LDI  R24,BYTE3(2*@0+(@1))
                 	LDI  R25,BYTE4(2*@0+(@1))
                 	.ENDM
                 
                 	.MACRO __POINTBRM
                 	LDI  R@0,LOW(@1)
                 	.ENDM
                 
                 	.MACRO __POINTWRM
                 	LDI  R@0,LOW(@2)
                 	LDI  R@1,HIGH(@2)
                 	.ENDM
                 
                 	.MACRO __POINTBRMN
                 	LDI  R@0,LOW(@1+(@2))
                 	.ENDM
                 
                 	.MACRO __POINTWRMN
                 	LDI  R@0,LOW(@2+(@3))
                 	LDI  R@1,HIGH(@2+(@3))
                 	.ENDM
                 
                 	.MACRO __POINTWRFN
                 	LDI  R@0,LOW(@2*2+(@3))
                 	LDI  R@1,HIGH(@2*2+(@3))
                 	.ENDM
                 
                 	.MACRO __GETD1N
                 	LDI  R30,LOW(@0)
                 	LDI  R31,HIGH(@0)
                 	LDI  R22,BYTE3(@0)
                 	LDI  R23,BYTE4(@0)
                 	.ENDM
                 
                 	.MACRO __GETD2N
                 	LDI  R26,LOW(@0)
                 	LDI  R27,HIGH(@0)
                 	LDI  R24,BYTE3(@0)
                 	LDI  R25,BYTE4(@0)
                 	.ENDM
                 
                 	.MACRO __GETB1MN
                 	LDS  R30,@0+(@1)
                 	.ENDM
                 
                 	.MACRO __GETB1HMN
                 	LDS  R31,@0+(@1)
                 	.ENDM
                 
                 	.MACRO __GETW1MN
                 	LDS  R30,@0+(@1)
                 	LDS  R31,@0+(@1)+1
                 	.ENDM
                 
                 	.MACRO __GETD1MN
                 	LDS  R30,@0+(@1)
                 	LDS  R31,@0+(@1)+1
                 	LDS  R22,@0+(@1)+2
                 	LDS  R23,@0+(@1)+3
                 	.ENDM
                 
                 	.MACRO __GETBRMN
                 	LDS  R@0,@1+(@2)
                 	.ENDM
                 
                 	.MACRO __GETWRMN
                 	LDS  R@0,@2+(@3)
                 	LDS  R@1,@2+(@3)+1
                 	.ENDM
                 
                 	.MACRO __GETWRZ
                 	LDD  R@0,Z+@2
                 	LDD  R@1,Z+@2+1
                 	.ENDM
                 
                 	.MACRO __GETD2Z
                 	LDD  R26,Z+@0
                 	LDD  R27,Z+@0+1
                 	LDD  R24,Z+@0+2
                 	LDD  R25,Z+@0+3
                 	.ENDM
                 
                 	.MACRO __GETB2MN
                 	LDS  R26,@0+(@1)
                 	.ENDM
                 
                 	.MACRO __GETW2MN
                 	LDS  R26,@0+(@1)
                 	LDS  R27,@0+(@1)+1
                 	.ENDM
                 
                 	.MACRO __GETD2MN
                 	LDS  R26,@0+(@1)
                 	LDS  R27,@0+(@1)+1
                 	LDS  R24,@0+(@1)+2
                 	LDS  R25,@0+(@1)+3
                 	.ENDM
                 
                 	.MACRO __PUTB1MN
                 	STS  @0+(@1),R30
                 	.ENDM
                 
                 	.MACRO __PUTW1MN
                 	STS  @0+(@1),R30
                 	STS  @0+(@1)+1,R31
                 	.ENDM
                 
                 	.MACRO __PUTD1MN
                 	STS  @0+(@1),R30
                 	STS  @0+(@1)+1,R31
                 	STS  @0+(@1)+2,R22
                 	STS  @0+(@1)+3,R23
                 	.ENDM
                 
                 	.MACRO __PUTB1EN
                 	LDI  R26,LOW(@0+(@1))
                 	LDI  R27,HIGH(@0+(@1))
                 	CALL __EEPROMWRB
                 	.ENDM
                 
                 	.MACRO __PUTW1EN
                 	LDI  R26,LOW(@0+(@1))
                 	LDI  R27,HIGH(@0+(@1))
                 	CALL __EEPROMWRW
                 	.ENDM
                 
                 	.MACRO __PUTD1EN
                 	LDI  R26,LOW(@0+(@1))
                 	LDI  R27,HIGH(@0+(@1))
                 	CALL __EEPROMWRD
                 	.ENDM
                 
                 	.MACRO __PUTBR0MN
                 	STS  @0+(@1),R0
                 	.ENDM
                 
                 	.MACRO __PUTBMRN
                 	STS  @0+(@1),R@2
                 	.ENDM
                 
                 	.MACRO __PUTWMRN
                 	STS  @0+(@1),R@2
                 	STS  @0+(@1)+1,R@3
                 	.ENDM
                 
                 	.MACRO __PUTBZR
                 	STD  Z+@1,R@0
                 	.ENDM
                 
                 	.MACRO __PUTWZR
                 	STD  Z+@2,R@0
                 	STD  Z+@2+1,R@1
                 	.ENDM
                 
                 	.MACRO __GETW1R
                 	MOV  R30,R@0
                 	MOV  R31,R@1
                 	.ENDM
                 
                 	.MACRO __GETW2R
                 	MOV  R26,R@0
                 	MOV  R27,R@1
                 	.ENDM
                 
                 	.MACRO __GETWRN
                 	LDI  R@0,LOW(@2)
                 	LDI  R@1,HIGH(@2)
                 	.ENDM
                 
                 	.MACRO __PUTW1R
                 	MOV  R@0,R30
                 	MOV  R@1,R31
                 	.ENDM
                 
                 	.MACRO __PUTW2R
                 	MOV  R@0,R26
                 	MOV  R@1,R27
                 	.ENDM
                 
                 	.MACRO __ADDWRN
                 	SUBI R@0,LOW(-@2)
                 	SBCI R@1,HIGH(-@2)
                 	.ENDM
                 
                 	.MACRO __ADDWRR
                 	ADD  R@0,R@2
                 	ADC  R@1,R@3
                 	.ENDM
                 
                 	.MACRO __SUBWRN
                 	SUBI R@0,LOW(@2)
                 	SBCI R@1,HIGH(@2)
                 	.ENDM
                 
                 	.MACRO __SUBWRR
                 	SUB  R@0,R@2
                 	SBC  R@1,R@3
                 	.ENDM
                 
                 	.MACRO __ANDWRN
                 	ANDI R@0,LOW(@2)
                 	ANDI R@1,HIGH(@2)
                 	.ENDM
                 
                 	.MACRO __ANDWRR
                 	AND  R@0,R@2
                 	AND  R@1,R@3
                 	.ENDM
                 
                 	.MACRO __ORWRN
                 	ORI  R@0,LOW(@2)
                 	ORI  R@1,HIGH(@2)
                 	.ENDM
                 
                 	.MACRO __ORWRR
                 	OR   R@0,R@2
                 	OR   R@1,R@3
                 	.ENDM
                 
                 	.MACRO __EORWRR
                 	EOR  R@0,R@2
                 	EOR  R@1,R@3
                 	.ENDM
                 
                 	.MACRO __GETWRS
                 	LDD  R@0,Y+@2
                 	LDD  R@1,Y+@2+1
                 	.ENDM
                 
                 	.MACRO __PUTBSR
                 	STD  Y+@1,R@0
                 	.ENDM
                 
                 	.MACRO __PUTWSR
                 	STD  Y+@2,R@0
                 	STD  Y+@2+1,R@1
                 	.ENDM
                 
                 	.MACRO __MOVEWRR
                 	MOV  R@0,R@2
                 	MOV  R@1,R@3
                 	.ENDM
                 
                 	.MACRO __INWR
                 	IN   R@0,@2
                 	IN   R@1,@2+1
                 	.ENDM
                 
                 	.MACRO __OUTWR
                 	OUT  @2+1,R@1
                 	OUT  @2,R@0
                 	.ENDM
                 
                 	.MACRO __CALL1MN
                 	LDS  R30,@0+(@1)
                 	LDS  R31,@0+(@1)+1
                 	ICALL
                 	.ENDM
                 
                 	.MACRO __CALL1FN
                 	LDI  R30,LOW(2*@0+(@1))
                 	LDI  R31,HIGH(2*@0+(@1))
                 	CALL __GETW1PF
                 	ICALL
                 	.ENDM
                 
                 	.MACRO __CALL2EN
                 	PUSH R26
                 	PUSH R27
                 	LDI  R26,LOW(@0+(@1))
                 	LDI  R27,HIGH(@0+(@1))
                 	CALL __EEPROMRDW
                 	POP  R27
                 	POP  R26
                 	ICALL
                 	.ENDM
                 
                 	.MACRO __CALL2EX
                 	SUBI R26,LOW(-@0)
                 	SBCI R27,HIGH(-@0)
                 	CALL __EEPROMRDD
                 	ICALL
                 	.ENDM
                 
                 	.MACRO __GETW1STACK
                 	IN   R30,SPL
                 	IN   R31,SPH
                 	ADIW R30,@0+1
                 	LD   R0,Z+
                 	LD   R31,Z
                 	MOV  R30,R0
                 	.ENDM
                 
                 	.MACRO __GETD1STACK
                 	IN   R30,SPL
                 	IN   R31,SPH
                 	ADIW R30,@0+1
                 	LD   R0,Z+
                 	LD   R1,Z+
                 	LD   R22,Z
                 	MOVW R30,R0
                 	.ENDM
                 
                 	.MACRO __NBST
                 	BST  R@0,@1
                 	IN   R30,SREG
                 	LDI  R31,0x40
                 	EOR  R30,R31
                 	OUT  SREG,R30
                 	.ENDM
                 
                 
                 	.MACRO __PUTB1SN
                 	LDD  R26,Y+@0
                 	LDD  R27,Y+@0+1
                 	SUBI R26,LOW(-@1)
                 	SBCI R27,HIGH(-@1)
                 	ST   X,R30
                 	.ENDM
                 
                 	.MACRO __PUTW1SN
                 	LDD  R26,Y+@0
                 	LDD  R27,Y+@0+1
                 	SUBI R26,LOW(-@1)
                 	SBCI R27,HIGH(-@1)
                 	ST   X+,R30
                 	ST   X,R31
                 	.ENDM
                 
                 	.MACRO __PUTD1SN
                 	LDD  R26,Y+@0
                 	LDD  R27,Y+@0+1
                 	SUBI R26,LOW(-@1)
                 	SBCI R27,HIGH(-@1)
                 	CALL __PUTDP1
                 	.ENDM
                 
                 	.MACRO __PUTB1SNS
                 	LDD  R26,Y+@0
                 	LDD  R27,Y+@0+1
                 	ADIW R26,@1
                 	ST   X,R30
                 	.ENDM
                 
                 	.MACRO __PUTW1SNS
                 	LDD  R26,Y+@0
                 	LDD  R27,Y+@0+1
                 	ADIW R26,@1
                 	ST   X+,R30
                 	ST   X,R31
                 	.ENDM
                 
                 	.MACRO __PUTD1SNS
                 	LDD  R26,Y+@0
                 	LDD  R27,Y+@0+1
                 	ADIW R26,@1
                 	CALL __PUTDP1
                 	.ENDM
                 
                 	.MACRO __PUTB1PMN
                 	LDS  R26,@0
                 	LDS  R27,@0+1
                 	SUBI R26,LOW(-@1)
                 	SBCI R27,HIGH(-@1)
                 	ST   X,R30
                 	.ENDM
                 
                 	.MACRO __PUTW1PMN
                 	LDS  R26,@0
                 	LDS  R27,@0+1
                 	SUBI R26,LOW(-@1)
                 	SBCI R27,HIGH(-@1)
                 	ST   X+,R30
                 	ST   X,R31
                 	.ENDM
                 
                 	.MACRO __PUTD1PMN
                 	LDS  R26,@0
                 	LDS  R27,@0+1
                 	SUBI R26,LOW(-@1)
                 	SBCI R27,HIGH(-@1)
                 	CALL __PUTDP1
                 	.ENDM
                 
                 	.MACRO __PUTB1PMNS
                 	LDS  R26,@0
                 	LDS  R27,@0+1
                 	ADIW R26,@1
                 	ST   X,R30
                 	.ENDM
                 
                 	.MACRO __PUTW1PMNS
                 	LDS  R26,@0
                 	LDS  R27,@0+1
                 	ADIW R26,@1
                 	ST   X+,R30
                 	ST   X,R31
                 	.ENDM
                 
                 	.MACRO __PUTD1PMNS
                 	LDS  R26,@0
                 	LDS  R27,@0+1
                 	ADIW R26,@1
                 	CALL __PUTDP1
                 	.ENDM
                 
                 	.MACRO __PUTB1RN
                 	MOVW R26,R@0
                 	SUBI R26,LOW(-@1)
                 	SBCI R27,HIGH(-@1)
                 	ST   X,R30
                 	.ENDM
                 
                 	.MACRO __PUTW1RN
                 	MOVW R26,R@0
                 	SUBI R26,LOW(-@1)
                 	SBCI R27,HIGH(-@1)
                 	ST   X+,R30
                 	ST   X,R31
                 	.ENDM
                 
                 	.MACRO __PUTD1RN
                 	MOVW R26,R@0
                 	SUBI R26,LOW(-@1)
                 	SBCI R27,HIGH(-@1)
                 	CALL __PUTDP1
                 	.ENDM
                 
                 	.MACRO __PUTB1RNS
                 	MOVW R26,R@0
                 	ADIW R26,@1
                 	ST   X,R30
                 	.ENDM
                 
                 	.MACRO __PUTW1RNS
                 	MOVW R26,R@0
                 	ADIW R26,@1
                 	ST   X+,R30
                 	ST   X,R31
                 	.ENDM
                 
                 	.MACRO __PUTD1RNS
                 	MOVW R26,R@0
                 	ADIW R26,@1
                 	CALL __PUTDP1
                 	.ENDM
                 
                 	.MACRO __PUTB1RON
                 	MOV  R26,R@0
                 	MOV  R27,R@1
                 	SUBI R26,LOW(-@2)
                 	SBCI R27,HIGH(-@2)
                 	ST   X,R30
                 	.ENDM
                 
                 	.MACRO __PUTW1RON
                 	MOV  R26,R@0
                 	MOV  R27,R@1
                 	SUBI R26,LOW(-@2)
                 	SBCI R27,HIGH(-@2)
                 	ST   X+,R30
                 	ST   X,R31
                 	.ENDM
                 
                 	.MACRO __PUTD1RON
                 	MOV  R26,R@0
                 	MOV  R27,R@1
                 	SUBI R26,LOW(-@2)
                 	SBCI R27,HIGH(-@2)
                 	CALL __PUTDP1
                 	.ENDM
                 
                 	.MACRO __PUTB1RONS
                 	MOV  R26,R@0
                 	MOV  R27,R@1
                 	ADIW R26,@2
                 	ST   X,R30
                 	.ENDM
                 
                 	.MACRO __PUTW1RONS
                 	MOV  R26,R@0
                 	MOV  R27,R@1
                 	ADIW R26,@2
                 	ST   X+,R30
                 	ST   X,R31
                 	.ENDM
                 
                 	.MACRO __PUTD1RONS
                 	MOV  R26,R@0
                 	MOV  R27,R@1
                 	ADIW R26,@2
                 	CALL __PUTDP1
                 	.ENDM
                 
                 
                 	.MACRO __GETB1SX
                 	MOVW R30,R28
                 	SUBI R30,LOW(-@0)
                 	SBCI R31,HIGH(-@0)
                 	LD   R30,Z
                 	.ENDM
                 
                 	.MACRO __GETB1HSX
                 	MOVW R30,R28
                 	SUBI R30,LOW(-@0)
                 	SBCI R31,HIGH(-@0)
                 	LD   R31,Z
                 	.ENDM
                 
                 	.MACRO __GETW1SX
                 	MOVW R30,R28
                 	SUBI R30,LOW(-@0)
                 	SBCI R31,HIGH(-@0)
                 	LD   R0,Z+
                 	LD   R31,Z
                 	MOV  R30,R0
                 	.ENDM
                 
                 	.MACRO __GETD1SX
                 	MOVW R30,R28
                 	SUBI R30,LOW(-@0)
                 	SBCI R31,HIGH(-@0)
                 	LD   R0,Z+
                 	LD   R1,Z+
                 	LD   R22,Z+
                 	LD   R23,Z
                 	MOVW R30,R0
                 	.ENDM
                 
                 	.MACRO __GETB2SX
                 	MOVW R26,R28
                 	SUBI R26,LOW(-@0)
                 	SBCI R27,HIGH(-@0)
                 	LD   R26,X
                 	.ENDM
                 
                 	.MACRO __GETW2SX
                 	MOVW R26,R28
                 	SUBI R26,LOW(-@0)
                 	SBCI R27,HIGH(-@0)
                 	LD   R0,X+
                 	LD   R27,X
                 	MOV  R26,R0
                 	.ENDM
                 
                 	.MACRO __GETD2SX
                 	MOVW R26,R28
                 	SUBI R26,LOW(-@0)
                 	SBCI R27,HIGH(-@0)
                 	LD   R0,X+
                 	LD   R1,X+
                 	LD   R24,X+
                 	LD   R25,X
                 	MOVW R26,R0
                 	.ENDM
                 
                 	.MACRO __GETBRSX
                 	MOVW R30,R28
                 	SUBI R30,LOW(-@1)
                 	SBCI R31,HIGH(-@1)
                 	LD   R@0,Z
                 	.ENDM
                 
                 	.MACRO __GETWRSX
                 	MOVW R30,R28
                 	SUBI R30,LOW(-@2)
                 	SBCI R31,HIGH(-@2)
                 	LD   R@0,Z+
                 	LD   R@1,Z
                 	.ENDM
                 
                 	.MACRO __GETBRSX2
                 	MOVW R26,R28
                 	SUBI R26,LOW(-@1)
                 	SBCI R27,HIGH(-@1)
                 	LD   R@0,X
                 	.ENDM
                 
                 	.MACRO __GETWRSX2
                 	MOVW R26,R28
                 	SUBI R26,LOW(-@2)
                 	SBCI R27,HIGH(-@2)
                 	LD   R@0,X+
                 	LD   R@1,X
                 	.ENDM
                 
                 	.MACRO __LSLW8SX
                 	MOVW R30,R28
                 	SUBI R30,LOW(-@0)
                 	SBCI R31,HIGH(-@0)
                 	LD   R31,Z
                 	CLR  R30
                 	.ENDM
                 
                 	.MACRO __PUTB1SX
                 	MOVW R26,R28
                 	SUBI R26,LOW(-@0)
                 	SBCI R27,HIGH(-@0)
                 	ST   X,R30
                 	.ENDM
                 
                 	.MACRO __PUTW1SX
                 	MOVW R26,R28
                 	SUBI R26,LOW(-@0)
                 	SBCI R27,HIGH(-@0)
                 	ST   X+,R30
                 	ST   X,R31
                 	.ENDM
                 
                 	.MACRO __PUTD1SX
                 	MOVW R26,R28
                 	SUBI R26,LOW(-@0)
                 	SBCI R27,HIGH(-@0)
                 	ST   X+,R30
                 	ST   X+,R31
                 	ST   X+,R22
                 	ST   X,R23
                 	.ENDM
                 
                 	.MACRO __CLRW1SX
                 	MOVW R26,R28
                 	SUBI R26,LOW(-@0)
                 	SBCI R27,HIGH(-@0)
                 	ST   X+,R30
                 	ST   X,R30
                 	.ENDM
                 
                 	.MACRO __CLRD1SX
                 	MOVW R26,R28
                 	SUBI R26,LOW(-@0)
                 	SBCI R27,HIGH(-@0)
                 	ST   X+,R30
                 	ST   X+,R30
                 	ST   X+,R30
                 	ST   X,R30
                 	.ENDM
                 
                 	.MACRO __PUTB2SX
                 	MOVW R30,R28
                 	SUBI R30,LOW(-@0)
                 	SBCI R31,HIGH(-@0)
                 	ST   Z,R26
                 	.ENDM
                 
                 	.MACRO __PUTW2SX
                 	MOVW R30,R28
                 	SUBI R30,LOW(-@0)
                 	SBCI R31,HIGH(-@0)
                 	ST   Z+,R26
                 	ST   Z,R27
                 	.ENDM
                 
                 	.MACRO __PUTD2SX
                 	MOVW R30,R28
                 	SUBI R30,LOW(-@0)
                 	SBCI R31,HIGH(-@0)
                 	ST   Z+,R26
                 	ST   Z+,R27
                 	ST   Z+,R24
                 	ST   Z,R25
                 	.ENDM
                 
                 	.MACRO __PUTBSRX
                 	MOVW R30,R28
                 	SUBI R30,LOW(-@1)
                 	SBCI R31,HIGH(-@1)
                 	ST   Z,R@0
                 	.ENDM
                 
                 	.MACRO __PUTWSRX
                 	MOVW R30,R28
                 	SUBI R30,LOW(-@2)
                 	SBCI R31,HIGH(-@2)
                 	ST   Z+,R@0
                 	ST   Z,R@1
                 	.ENDM
                 
                 	.MACRO __PUTB1SNX
                 	MOVW R26,R28
                 	SUBI R26,LOW(-@0)
                 	SBCI R27,HIGH(-@0)
                 	LD   R0,X+
                 	LD   R27,X
                 	MOV  R26,R0
                 	SUBI R26,LOW(-@1)
                 	SBCI R27,HIGH(-@1)
                 	ST   X,R30
                 	.ENDM
                 
                 	.MACRO __PUTW1SNX
                 	MOVW R26,R28
                 	SUBI R26,LOW(-@0)
                 	SBCI R27,HIGH(-@0)
                 	LD   R0,X+
                 	LD   R27,X
                 	MOV  R26,R0
                 	SUBI R26,LOW(-@1)
                 	SBCI R27,HIGH(-@1)
                 	ST   X+,R30
                 	ST   X,R31
                 	.ENDM
                 
                 	.MACRO __PUTD1SNX
                 	MOVW R26,R28
                 	SUBI R26,LOW(-@0)
                 	SBCI R27,HIGH(-@0)
                 	LD   R0,X+
                 	LD   R27,X
                 	MOV  R26,R0
                 	SUBI R26,LOW(-@1)
                 	SBCI R27,HIGH(-@1)
                 	ST   X+,R30
                 	ST   X+,R31
                 	ST   X+,R22
                 	ST   X,R23
                 	.ENDM
                 
                 	.MACRO __MULBRR
                 	MULS R@0,R@1
                 	MOVW R30,R0
                 	.ENDM
                 
                 	.MACRO __MULBRRU
                 	MUL  R@0,R@1
                 	MOVW R30,R0
                 	.ENDM
                 
                 	.MACRO __MULBRR0
                 	MULS R@0,R@1
                 	.ENDM
                 
                 	.MACRO __MULBRRU0
                 	MUL  R@0,R@1
                 	.ENDM
                 
                 	.MACRO __MULBNWRU
                 	LDI  R26,@2
                 	MUL  R26,R@0
                 	MOVW R30,R0
                 	MUL  R26,R@1
                 	ADD  R31,R0
                 	.ENDM
                 
                 	.CSEG
                 	.ORG 0x00
                 
                 ;START OF CODE MARKER
                 __START_OF_CODE:
                 
                 ;INTERRUPT VECTORS
000000 940c 014f 	JMP  __RESET
000002 940c 0000 	JMP  0x00
000004 940c 0000 	JMP  0x00
000006 940c 0000 	JMP  0x00
000008 940c 0000 	JMP  0x00
00000a 940c 0000 	JMP  0x00
00000c 940c 0000 	JMP  0x00
00000e 940c 0000 	JMP  0x00
000010 940c 0000 	JMP  0x00
000012 940c 0000 	JMP  0x00
000014 940c 02d9 	JMP  _timer0_comp_isr
000016 940c 0000 	JMP  0x00
000018 940c 0000 	JMP  0x00
00001a 940c 0000 	JMP  0x00
00001c 940c 0000 	JMP  0x00
00001e 940c 0000 	JMP  0x00
000020 940c 0000 	JMP  0x00
000022 940c 0000 	JMP  0x00
000024 940c 0000 	JMP  0x00
000026 940c 0000 	JMP  0x00
000028 940c 0000 	JMP  0x00
                 
                 _tbl10_G101:
00002a 2710
00002b 03e8
00002c 0064
00002d 000a      	.DB  0x10,0x27,0xE8,0x3,0x64,0x0,0xA,0x0
00002e 0001      	.DB  0x1,0x0
                 _tbl16_G101:
00002f 1000
000030 0100
000031 0010
000032 0001      	.DB  0x0,0x10,0x0,0x1,0x10,0x0,0x1,0x0
                 
                 _0x3:
000033 3231
000034 3433      	.DB  0x31,0x32,0x33,0x34
                 _0x4:
000035 3939
000036 3939      	.DB  0x39,0x39,0x39,0x39
                 _0x5:
F:\University\8th term\Microprocessor Labratory\Poject_AZ\Project\digital_lock\Code\codevision_file\Debug\List\code_project.asm(1127): warning: .cseg .db misalignment - padding zero byte
000037 0003      	.DB  0x3
                 _0x6:
F:\University\8th term\Microprocessor Labratory\Poject_AZ\Project\digital_lock\Code\codevision_file\Debug\List\code_project.asm(1129): warning: .cseg .db misalignment - padding zero byte
000038 0004      	.DB  0x4
                 _0x20003:
000039 3837
00003a 2f39
00003b 3534
00003c 2a36      	.DB  0x37,0x38,0x39,0x2F,0x34,0x35,0x36,0x2A
00003d 3231
00003e 2d33
00003f 3043
000040 2b23      	.DB  0x31,0x32,0x33,0x2D,0x43,0x30,0x23,0x2B
                 _0x80000:
000041 2020
000042 2020
000043 2020
000044 2020      	.DB  0x20,0x20,0x20,0x20,0x20,0x20,0x20,0x20
000045 2020
000046 2020
000047 2020
000048 2020      	.DB  0x20,0x20,0x20,0x20,0x20,0x20,0x20,0x20
000049 4c00
00004a 6e65
00004b 4d20
00004c 7375      	.DB  0x0,0x4C,0x65,0x6E,0x20,0x4D,0x75,0x73
00004d 2074
00004e 6542
00004f 0020
000050 5953      	.DB  0x74,0x20,0x42,0x65,0x20,0x0,0x53,0x59
000051 5453
000052 4d45
000053 4c20
000054 434f      	.DB  0x53,0x54,0x45,0x4D,0x20,0x4C,0x4F,0x43
000055 454b
000056 2144
000057 5700
000058 6961      	.DB  0x4B,0x45,0x44,0x21,0x0,0x57,0x61,0x69
000059 2074
00005a 3225
00005b 2064
00005c 6573      	.DB  0x74,0x20,0x25,0x32,0x64,0x20,0x73,0x65
00005d 2063
00005e 2020
00005f 3100
000060 553a      	.DB  0x63,0x20,0x20,0x20,0x0,0x31,0x3A,0x55
000061 7273
000062 7350
000063 2077
000064 3a32      	.DB  0x73,0x72,0x50,0x73,0x77,0x20,0x32,0x3A
000065 6441
000066 506d
000067 0073
000068 3a33      	.DB  0x41,0x64,0x6D,0x50,0x73,0x0,0x33,0x3A
000069 7254
00006a 6569
00006b 2073
00006c 3420      	.DB  0x54,0x72,0x69,0x65,0x73,0x20,0x20,0x34
00006d 4c3a
00006e 6e65
00006f 4e00
000070 7765      	.DB  0x3A,0x4C,0x65,0x6E,0x0,0x4E,0x65,0x77
000071 5520
000072 6573
000073 2072
000074 6150      	.DB  0x20,0x55,0x73,0x65,0x72,0x20,0x50,0x61
000075 7373
000076 003a
000077 6153
000078 6576      	.DB  0x73,0x73,0x3A,0x0,0x53,0x61,0x76,0x65
000079 2164
00007a 4e00
00007b 7765
00007c 4120      	.DB  0x64,0x21,0x0,0x4E,0x65,0x77,0x20,0x41
00007d 6d64
00007e 6e69
00007f 5020
000080 7361      	.DB  0x64,0x6D,0x69,0x6E,0x20,0x50,0x61,0x73
000081 3a73
000082 5300
000083 7465
000084 4d20      	.DB  0x73,0x3A,0x0,0x53,0x65,0x74,0x20,0x4D
000085 7861
000086 5420
000087 6972
000088 7365      	.DB  0x61,0x78,0x20,0x54,0x72,0x69,0x65,0x73
000089 003a
00008a 6553
00008b 2074
00008c 654c      	.DB  0x3A,0x0,0x53,0x65,0x74,0x20,0x4C,0x65
00008d 676e
00008e 6874
00008f 3428
000090 382d      	.DB  0x6E,0x67,0x74,0x68,0x28,0x34,0x2D,0x38
000091 3a29
000092 5300
000093 7661
000094 6465      	.DB  0x29,0x3A,0x0,0x53,0x61,0x76,0x65,0x64
000095 2021
000096 6c50
000097 207a
000098 6552      	.DB  0x21,0x20,0x50,0x6C,0x7A,0x20,0x52,0x65
000099 6573
00009a 0074
00009b 6e49
00009c 6176      	.DB  0x73,0x65,0x74,0x0,0x49,0x6E,0x76,0x61
00009d 696c
00009e 2064
00009f 654c
0000a0 676e      	.DB  0x6C,0x69,0x64,0x20,0x4C,0x65,0x6E,0x67
0000a1 6874
0000a2 0021
0000a3 2020
0000a4 6944      	.DB  0x74,0x68,0x21,0x0,0x20,0x20,0x44,0x69
0000a5 6967
0000a6 6174
0000a7 206c
0000a8 6f4c      	.DB  0x67,0x69,0x74,0x61,0x6C,0x20,0x4C,0x6F
0000a9 6b63
0000aa 2020
0000ab 2000
0000ac 7453      	.DB  0x63,0x6B,0x20,0x20,0x0,0x20,0x53,0x74
0000ad 7261
0000ae 6974
0000af 676e
0000b0 2e2e      	.DB  0x61,0x72,0x74,0x69,0x6E,0x67,0x2E,0x2E
0000b1 202e
0000b2 2020
0000b3 0020
0000b4 3a2f      	.DB  0x2E,0x20,0x20,0x20,0x20,0x0,0x2F,0x3A
0000b5 5520
0000b6 6573
0000b7 2072
0000b8 2a20      	.DB  0x20,0x55,0x73,0x65,0x72,0x20,0x20,0x2A
0000b9 413a
0000ba 6d64
0000bb 6e69
0000bc 5300      	.DB  0x3A,0x41,0x64,0x6D,0x69,0x6E,0x0,0x53
0000bd 6c65
0000be 6365
0000bf 2074
0000c0 6f4d      	.DB  0x65,0x6C,0x65,0x63,0x74,0x20,0x4D,0x6F
0000c1 6564
0000c2 2e2e
0000c3 002e
0000c4 7355      	.DB  0x64,0x65,0x2E,0x2E,0x2E,0x0,0x55,0x73
0000c5 7265
0000c6 5020
0000c7 7361
0000c8 7773      	.DB  0x65,0x72,0x20,0x50,0x61,0x73,0x73,0x77
0000c9 726f
0000ca 3a64
0000cb 4100
0000cc 6363      	.DB  0x6F,0x72,0x64,0x3A,0x0,0x41,0x63,0x63
0000cd 7365
0000ce 2073
0000cf 7247
0000d0 6e61      	.DB  0x65,0x73,0x73,0x20,0x47,0x72,0x61,0x6E
0000d1 6574
0000d2 0064
0000d3 6f44
0000d4 726f      	.DB  0x74,0x65,0x64,0x0,0x44,0x6F,0x6F,0x72
0000d5 4f20
0000d6 6570
0000d7 656e
0000d8 0064      	.DB  0x20,0x4F,0x70,0x65,0x6E,0x65,0x64,0x0
0000d9 7257
0000da 6e6f
0000db 2067
0000dc 6150      	.DB  0x57,0x72,0x6F,0x6E,0x67,0x20,0x50,0x61
0000dd 7373
0000de 6f77
0000df 6472
0000e0 0021      	.DB  0x73,0x73,0x77,0x6F,0x72,0x64,0x21,0x0
0000e1 6441
0000e2 696d
0000e3 206e
0000e4 6150      	.DB  0x41,0x64,0x6D,0x69,0x6E,0x20,0x50,0x61
0000e5 7373
0000e6 6f77
0000e7 6472
0000e8 003a      	.DB  0x73,0x73,0x77,0x6F,0x72,0x64,0x3A,0x0
0000e9 6441
0000ea 696d
0000eb 206e
0000ec 6556      	.DB  0x41,0x64,0x6D,0x69,0x6E,0x20,0x56,0x65
0000ed 6972
0000ee 6966
0000ef 6465
0000f0 0021      	.DB  0x72,0x69,0x66,0x69,0x65,0x64,0x21,0x0
                 
                 __GLOBAL_INI_TBL:
0000f1 0004      	.DW  0x04
0000f2 03f0      	.DW  _user_pass_G000
0000f3 0066      	.DW  _0x3*2
                 
0000f4 0004      	.DW  0x04
0000f5 03fa      	.DW  _admin_pass_G000
0000f6 006a      	.DW  _0x4*2
                 
0000f7 0001      	.DW  0x01
0000f8 0404      	.DW  _max_tries_G000
0000f9 006e      	.DW  _0x5*2
                 
0000fa 0001      	.DW  0x01
0000fb 0405      	.DW  _pass_len_G000
0000fc 0070      	.DW  _0x6*2
                 
0000fd 0011      	.DW  0x11
0000fe 0260      	.DW  _0x8000B
0000ff 0082      	.DW  _0x80000*2
                 
000100 000d      	.DW  0x0D
000101 0271      	.DW  _0x8000B+17
000102 0093      	.DW  _0x80000*2+17
                 
000103 0011      	.DW  0x11
000104 027e      	.DW  _0x8000B+30
000105 0082      	.DW  _0x80000*2
                 
000106 0011      	.DW  0x11
000107 028f      	.DW  _0x8000B+47
000108 0082      	.DW  _0x80000*2
                 
000109 000f      	.DW  0x0F
00010a 02a0      	.DW  _0x8001F
00010b 00a0      	.DW  _0x80000*2+30
                 
00010c 0011      	.DW  0x11
00010d 02af      	.DW  _0x80027
00010e 00bf      	.DW  _0x80000*2+61
                 
00010f 000f      	.DW  0x0F
000110 02c0      	.DW  _0x80027+17
000111 00d0      	.DW  _0x80000*2+78
                 
000112 000f      	.DW  0x0F
000113 02cf      	.DW  _0x80027+32
000114 00df      	.DW  _0x80000*2+93
                 
000115 0007      	.DW  0x07
000116 02de      	.DW  _0x80027+47
000117 00ee      	.DW  _0x80000*2+108
                 
000118 0010      	.DW  0x10
000119 02e5      	.DW  _0x80027+54
00011a 00f5      	.DW  _0x80000*2+115
                 
00011b 0007      	.DW  0x07
00011c 02f5      	.DW  _0x80027+70
00011d 00ee      	.DW  _0x80000*2+108
                 
00011e 000f      	.DW  0x0F
00011f 02fc      	.DW  _0x80027+77
000120 0105      	.DW  _0x80000*2+131
                 
000121 0007      	.DW  0x07
000122 030b      	.DW  _0x80027+92
000123 00ee      	.DW  _0x80000*2+108
                 
000124 0011      	.DW  0x11
000125 0312      	.DW  _0x80027+99
000126 0114      	.DW  _0x80000*2+146
                 
000127 0011      	.DW  0x11
000128 0323      	.DW  _0x80027+116
000129 0125      	.DW  _0x80000*2+163
                 
00012a 0010      	.DW  0x10
00012b 0334      	.DW  _0x80027+133
00012c 0136      	.DW  _0x80000*2+180
                 
00012d 0011      	.DW  0x11
00012e 0344      	.DW  _0x8003B
00012f 0146      	.DW  _0x80000*2+196
                 
000130 0011      	.DW  0x11
000131 0355      	.DW  _0x8003B+17
000132 0157      	.DW  _0x80000*2+213
                 
000133 0011      	.DW  0x11
000134 0366      	.DW  _0x8003B+34
000135 0168      	.DW  _0x80000*2+230
                 
000136 000f      	.DW  0x0F
000137 0377      	.DW  _0x8003B+51
000138 0179      	.DW  _0x80000*2+247
                 
000139 000f      	.DW  0x0F
00013a 0386      	.DW  _0x8003B+66
00013b 0188      	.DW  _0x80000*2+262
                 
00013c 000f      	.DW  0x0F
00013d 0395      	.DW  _0x8003B+81
00013e 0197      	.DW  _0x80000*2+277
                 
00013f 000c      	.DW  0x0C
000140 03a4      	.DW  _0x8003B+96
000141 01a6      	.DW  _0x80000*2+292
                 
000142 0010      	.DW  0x10
000143 03b0      	.DW  _0x8003B+108
000144 01b2      	.DW  _0x80000*2+304
                 
000145 0010      	.DW  0x10
000146 03c0      	.DW  _0x8003B+124
000147 01c2      	.DW  _0x80000*2+320
                 
000148 0010      	.DW  0x10
000149 03d0      	.DW  _0x8003B+140
00014a 01d2      	.DW  _0x80000*2+336
                 
00014b 0010      	.DW  0x10
00014c 03e0      	.DW  _0x8003B+156
00014d 01b2      	.DW  _0x80000*2+304
                 
                 _0xFFFFFFFF:
00014e 0000      	.DW  0
                 
                 #define __GLOBAL_INI_TBL_PRESENT 1
                 
                 __RESET:
00014f 94f8      	CLI
000150 27ee      	CLR  R30
000151 bbec      	OUT  EECR,R30
                 
                 ;INTERRUPT VECTORS ARE PLACED
                 ;AT THE START OF FLASH
000152 e0f1      	LDI  R31,1
000153 bffb      	OUT  GICR,R31
000154 bfeb      	OUT  GICR,R30
000155 bfe5      	OUT  MCUCR,R30
                 
                 ;CLEAR R2-R14
000156 e08d      	LDI  R24,(14-2)+1
000157 e0a2      	LDI  R26,2
000158 27bb      	CLR  R27
                 __CLEAR_REG:
000159 93ed      	ST   X+,R30
00015a 958a      	DEC  R24
00015b f7e9      	BRNE __CLEAR_REG
                 
                 ;CLEAR SRAM
00015c e080      	LDI  R24,LOW(__CLEAR_SRAM_SIZE)
00015d e098      	LDI  R25,HIGH(__CLEAR_SRAM_SIZE)
00015e e6a0      	LDI  R26,__SRAM_START
                 __CLEAR_SRAM:
00015f 93ed      	ST   X+,R30
000160 9701      	SBIW R24,1
000161 f7e9      	BRNE __CLEAR_SRAM
                 
                 ;GLOBAL VARIABLES INITIALIZATION
000162 eee2      	LDI  R30,LOW(__GLOBAL_INI_TBL*2)
000163 e0f1      	LDI  R31,HIGH(__GLOBAL_INI_TBL*2)
                 __GLOBAL_INI_NEXT:
000164 9185      	LPM  R24,Z+
000165 9195      	LPM  R25,Z+
000166 9700      	SBIW R24,0
000167 f061      	BREQ __GLOBAL_INI_END
000168 91a5      	LPM  R26,Z+
000169 91b5      	LPM  R27,Z+
00016a 9005      	LPM  R0,Z+
00016b 9015      	LPM  R1,Z+
00016c 01bf      	MOVW R22,R30
00016d 01f0      	MOVW R30,R0
                 __GLOBAL_INI_LOOP:
00016e 9005      	LPM  R0,Z+
00016f 920d      	ST   X+,R0
000170 9701      	SBIW R24,1
000171 f7e1      	BRNE __GLOBAL_INI_LOOP
000172 01fb      	MOVW R30,R22
000173 cff0      	RJMP __GLOBAL_INI_NEXT
                 __GLOBAL_INI_END:
                 
                 ;HARDWARE STACK POINTER INITIALIZATION
000174 e5ef      	LDI  R30,LOW(__SRAM_END-__HEAP_SIZE)
000175 bfed      	OUT  SPL,R30
000176 e0e8      	LDI  R30,HIGH(__SRAM_END-__HEAP_SIZE)
000177 bfee      	OUT  SPH,R30
                 
                 ;DATA STACK POINTER INITIALIZATION
000178 e6c0      	LDI  R28,LOW(__SRAM_START+__DSTACK_SIZE)
000179 e0d2      	LDI  R29,HIGH(__SRAM_START+__DSTACK_SIZE)
                 
00017a 940c 0476 	JMP  _main
                 
                 	.ESEG
                 	.ORG 0
                 
                 	.DSEG
                 	.ORG 0x260
                 
                 	.CSEG
                 ;#include <string.h>
                 ;#include "config.h"
                 	#ifndef __SLEEP_DEFINED__
                 	#define __SLEEP_DEFINED__
                 	.EQU __se_bit=0x80
                 	.EQU __sm_mask=0x70
                 	.EQU __sm_powerdown=0x20
                 	.EQU __sm_powersave=0x30
                 	.EQU __sm_standby=0x60
                 	.EQU __sm_ext_standby=0x70
                 	.EQU __sm_adc_noise_red=0x10
                 	.SET power_ctrl_reg=mcucr
                 	#endif
                 ;#include "hal_timer.h"
                 ;#include "app_lock.h"
                 ;
                 ;// ???????? ????? (?? ?? ????? ???????)
                 ;static char user_pass[10] = "1234";
                 
                 	.DSEG
                 ;static char admin_pass[10] = "9999";
                 ;static unsigned char max_tries = 3;
                 ;static unsigned char pass_len = 4;
                 ;static unsigned char failed_attempts = 0;
                 ;
                 ;static unsigned long door_open_time = 0;
                 ;static unsigned char is_door_open = 0;
                 ;
                 ;void lock_init(void) {
                 ; 0000 0010 void lock_init(void) {
                 
                 	.CSEG
                 _lock_init:
                 ; .FSTART _lock_init
                 ; 0000 0011     LOCK_DDR |= (1<<0); // ????? ???? ???/LED ?? ????? ?????
00017c e0a0      	LDI  R26,0
00017d 99b8      	SBIC 0x17,0
00017e e0a1      	LDI  R26,1
00017f e0e1      	LDI  R30,LOW(1)
000180 2bea      	OR   R30,R26
000181 f411      	BRNE _0x7
000182 98b8      	CBI  0x17,0
000183 c001      	RJMP _0x8
                 _0x7:
000184 9ab8      	SBI  0x17,0
                 _0x8:
                 ; 0000 0012     LOCK_OUT = 0;       // ?? ???? ??????? ??? ???? ???
000185 98c0      	CBI  0x18,0
                 ; 0000 0013 }
000186 9508      	RET
                 ; .FEND
                 ;
                 ;void lock_open_door(void) {
                 ; 0000 0015 void lock_open_door(void) {
                 _lock_open_door:
                 ; .FSTART _lock_open_door
                 ; 0000 0016     LOCK_OUT = 1;
000187 9ac0      	SBI  0x18,0
                 ; 0000 0017     is_door_open = 1;
000188 e0e1      	LDI  R30,LOW(1)
000189 93e0 040b 	STS  _is_door_open_G000,R30
                 ; 0000 0018     door_open_time = millis();
00018b 940e 02ff 	CALL _millis
00018d 93e0 0407 	STS  _door_open_time_G000,R30
00018f 93f0 0408 	STS  _door_open_time_G000+1,R31
000191 9360 0409 	STS  _door_open_time_G000+2,R22
000193 9370 040a 	STS  _door_open_time_G000+3,R23
                 ; 0000 0019 }
000195 9508      	RET
                 ; .FEND
                 ;
                 ;// ??? ???? ???? ??????? ?? ??? ??? ?????? ?? delay ????? ???
                 ;// ??? ???? ??? ???? ?? (???? 3 ?????) ???? ???? ?? ?? ???????
                 ;void lock_update_task(void) {
                 ; 0000 001D void lock_update_task(void) {
                 _lock_update_task:
                 ; .FSTART _lock_update_task
                 ; 0000 001E     if(is_door_open) {
000196 91e0 040b 	LDS  R30,_is_door_open_G000
000198 30e0      	CPI  R30,0
000199 f0d1      	BREQ _0xD
                 ; 0000 001F         if((millis() - door_open_time) > 3000) { // 3000 ?????????? = 3 ?????
00019a 940e 02ff 	CALL _millis
00019c 01df      	MOVW R26,R30
00019d 01cb      	MOVW R24,R22
00019e 91e0 0407 	LDS  R30,_door_open_time_G000
0001a0 91f0 0408 	LDS  R31,_door_open_time_G000+1
0001a2 9160 0409 	LDS  R22,_door_open_time_G000+2
0001a4 9170 040a 	LDS  R23,_door_open_time_G000+3
0001a6 940e 0774 	CALL __SUBD21
                +
0001a8 3ba9     +CPI R26 , LOW ( 0xBB9 )
0001a9 e0eb     +LDI R30 , HIGH ( 0xBB9 )
0001aa 07be     +CPC R27 , R30
0001ab e0e0     +LDI R30 , BYTE3 ( 0xBB9 )
0001ac 078e     +CPC R24 , R30
0001ad e0e0     +LDI R30 , BYTE4 ( 0xBB9 )
0001ae 079e     +CPC R25 , R30
                 	__CPD2N 0xBB9
0001af f020      	BRLO _0xE
                 ; 0000 0020             LOCK_OUT = 0;
0001b0 98c0      	CBI  0x18,0
                 ; 0000 0021             is_door_open = 0;
0001b1 e0e0      	LDI  R30,LOW(0)
0001b2 93e0 040b 	STS  _is_door_open_G000,R30
                 ; 0000 0022         }
                 ; 0000 0023     }
                 _0xE:
                 ; 0000 0024 }
                 _0xD:
0001b4 9508      	RET
                 ; .FEND
                 ;
                 ;int lock_verify_password(char* input, unsigned char role) {
                 ; 0000 0026 int lock_verify_password(char* input, unsigned char role) {
                 _lock_verify_password:
                 ; .FSTART _lock_verify_password
                 ; 0000 0027     if(role == ROLE_USER) {
0001b5 93aa      	ST   -Y,R26
                 ;	*input -> Y+1
                 ;	role -> Y+0
0001b6 81e8      	LD   R30,Y
0001b7 30e0      	CPI  R30,0
0001b8 f451      	BRNE _0x11
                 ; 0000 0028         return (strcmp(input, user_pass) == 0);
0001b9 81e9      	LDD  R30,Y+1
0001ba 81fa      	LDD  R31,Y+1+1
0001bb 93fa      	ST   -Y,R31
0001bc 93ea      	ST   -Y,R30
0001bd efa0      	LDI  R26,LOW(_user_pass_G000)
0001be e0b3      	LDI  R27,HIGH(_user_pass_G000)
0001bf 940e 06db 	CALL SUBOPT_0x0
0001c1 940c 02d7 	JMP  _0x2060004
                 ; 0000 0029     } else {
                 _0x11:
                 ; 0000 002A         return (strcmp(input, admin_pass) == 0);
0001c3 81e9      	LDD  R30,Y+1
0001c4 81fa      	LDD  R31,Y+1+1
0001c5 93fa      	ST   -Y,R31
0001c6 93ea      	ST   -Y,R30
0001c7 efaa      	LDI  R26,LOW(_admin_pass_G000)
0001c8 e0b3      	LDI  R27,HIGH(_admin_pass_G000)
0001c9 940e 06db 	CALL SUBOPT_0x0
0001cb 940c 02d7 	JMP  _0x2060004
                 ; 0000 002B     }
                 ; 0000 002C }
                 ; .FEND
                 ;
                 ;void lock_set_password(char* new_pass, unsigned char role) {
                 ; 0000 002E void lock_set_password(char* new_pass, unsigned char role) {
                 _lock_set_password:
                 ; .FSTART _lock_set_password
                 ; 0000 002F     if(role == ROLE_USER) {
0001cd 93aa      	ST   -Y,R26
                 ;	*new_pass -> Y+1
                 ;	role -> Y+0
0001ce 81e8      	LD   R30,Y
0001cf 30e0      	CPI  R30,0
0001d0 f419      	BRNE _0x13
                 ; 0000 0030         strcpy(user_pass, new_pass);
0001d1 efe0      	LDI  R30,LOW(_user_pass_G000)
0001d2 e0f3      	LDI  R31,HIGH(_user_pass_G000)
0001d3 c002      	RJMP _0x15
                 ; 0000 0031     } else {
                 _0x13:
                 ; 0000 0032         strcpy(admin_pass, new_pass);
0001d4 efea      	LDI  R30,LOW(_admin_pass_G000)
0001d5 e0f3      	LDI  R31,HIGH(_admin_pass_G000)
                 _0x15:
0001d6 93fa      	ST   -Y,R31
0001d7 93ea      	ST   -Y,R30
0001d8 81ab      	LDD  R26,Y+3
0001d9 81bc      	LDD  R27,Y+3+1
0001da 940e 050d 	CALL _strcpy
                 ; 0000 0033     }
                 ; 0000 0034 }
0001dc 940c 02d7 	JMP  _0x2060004
                 ; .FEND
                 ;
                 ;unsigned char lock_get_max_tries(void) { return max_tries; }
                 ; 0000 0036 unsigned char lock_get_max_tries(void) { return max_tries; }
                 _lock_get_max_tries:
                 ; .FSTART _lock_get_max_tries
0001de 91e0 0404 	LDS  R30,_max_tries_G000
0001e0 9508      	RET
                 ; .FEND
                 ;void lock_set_max_tries(unsigned char tries) { max_tries = tries; }
                 ; 0000 0037 void lock_set_max_tries(unsigned char tries) { max_tries = tries; }
                 _lock_set_max_tries:
                 ; .FSTART _lock_set_max_tries
0001e1 93aa      	ST   -Y,R26
                 ;	tries -> Y+0
0001e2 81e8      	LD   R30,Y
0001e3 93e0 0404 	STS  _max_tries_G000,R30
0001e5 940c 02b3 	JMP  _0x2060006
                 ; .FEND
                 ;
                 ;unsigned char lock_get_pass_len(void) { return pass_len; }
                 ; 0000 0039 unsigned char lock_get_pass_len(void) { return pass_len; }
                 _lock_get_pass_len:
                 ; .FSTART _lock_get_pass_len
0001e7 91e0 0405 	LDS  R30,_pass_len_G000
0001e9 9508      	RET
                 ; .FEND
                 ;void lock_set_pass_len(unsigned char len) { pass_len = len; }
                 ; 0000 003A void lock_set_pass_len(unsigned char len) { pass_len = len; }
                 _lock_set_pass_len:
                 ; .FSTART _lock_set_pass_len
0001ea 93aa      	ST   -Y,R26
                 ;	len -> Y+0
0001eb 81e8      	LD   R30,Y
0001ec 93e0 0405 	STS  _pass_len_G000,R30
0001ee 940c 02b3 	JMP  _0x2060006
                 ; .FEND
                 ;
                 ;unsigned char lock_get_failed_attempts(void) { return failed_attempts; }
                 ; 0000 003C unsigned char lock_get_failed_attempts(void) { return failed_attempts; }
                 _lock_get_failed_attempts:
                 ; .FSTART _lock_get_failed_attempts
0001f0 91e0 0406 	LDS  R30,_failed_attempts_G000
0001f2 9508      	RET
                 ; .FEND
                 ;void lock_register_failure(void) { failed_attempts++; }
                 ; 0000 003D void lock_register_failure(void) { failed_attempts++; }
                 _lock_register_failure:
                 ; .FSTART _lock_register_failure
0001f3 91e0 0406 	LDS  R30,_failed_attempts_G000
0001f5 5fef      	SUBI R30,-LOW(1)
0001f6 c001      	RJMP _0x2060009
                 ; .FEND
                 ;void lock_reset_failures(void) { failed_attempts = 0; }
                 ; 0000 003E void lock_reset_failures(void) { failed_attempts = 0; }
                 _lock_reset_failures:
                 ; .FSTART _lock_reset_failures
0001f7 e0e0      	LDI  R30,LOW(0)
                 _0x2060009:
0001f8 93e0 0406 	STS  _failed_attempts_G000,R30
0001fa 9508      	RET
                 ; .FEND
                 ;#include "config.h"
                 	#ifndef __SLEEP_DEFINED__
                 	#endif
                 ;#include "hal_timer.h"
                 ;#include "hal_keypad.h"
                 ;
                 ;void keypad_init(void) {
                 ; 0001 0005 void keypad_init(void) {
                 
                 	.CSEG
                 _keypad_init:
                 ; .FSTART _keypad_init
                 ; 0001 0006     KEYPAD_DDR = 0x0F;  // 4 پین اول خروجی (سطرها)، 4 پین دوم ورودی (ستون‌ها)
0001fb e0ef      	LDI  R30,LOW(15)
0001fc bbea      	OUT  0x1A,R30
                 ; 0001 0007     KEYPAD_PORT = 0xFF; // پول‌آپ کردن ورودی‌ها و یک کردن خروجی‌ها
0001fd efef      	LDI  R30,LOW(255)
0001fe bbeb      	OUT  0x1B,R30
                 ; 0001 0008 }
0001ff 9508      	RET
                 ; .FEND
                 ;
                 ;char keypad_read(void) {
                 ; 0001 000A char keypad_read(void) {
                 _keypad_read:
                 ; .FSTART _keypad_read
                 ; 0001 000B     // چیدمان اصلاح شده بر اساس KEYPAD-SMALLCALC در پروتئوس
                 ; 0001 000C     // در این کیپد: ستون آخر عملگرهای / * - + هستند و کلیدهای پایین ON/C 0 = +
                 ; 0001 000D     char keymap[4][4] = {
                 ; 0001 000E         {'7','8','9','/'},  // سطر اول (PA0)
                 ; 0001 000F         {'4','5','6','*'},  // سطر دوم (PA1)
                 ; 0001 0010         {'1','2','3','-'},  // سطر سوم (PA2)
                 ; 0001 0011         {'C','0','#','+'}   // سطر چهارم (PA3) -> از 'C' برای Clear و از '#' برای تایید ('=')  ...
                 ; 0001 0012     };
                 ; 0001 0013     unsigned char r, c;
                 ; 0001 0014 
                 ; 0001 0015     for(r = 0; r < 4; r++) {
000200 9760      	SBIW R28,16
000201 e180      	LDI  R24,16
000202 e0a0      	LDI  R26,LOW(0)
000203 e0b0      	LDI  R27,HIGH(0)
000204 e7e2      	LDI  R30,LOW(_0x20003*2)
000205 e0f0      	LDI  R31,HIGH(_0x20003*2)
000206 940e 07d6 	CALL __INITLOCB
000208 931a      	ST   -Y,R17
000209 930a      	ST   -Y,R16
                 ;	keymap -> Y+2
                 ;	r -> R17
                 ;	c -> R16
00020a e010      	LDI  R17,LOW(0)
                 _0x20005:
00020b 3014      	CPI  R17,4
00020c f568      	BRSH _0x20006
                 ; 0001 0016         KEYPAD_PORT = ~(1 << r) | 0xF0;
00020d 2fe1      	MOV  R30,R17
00020e e0a1      	LDI  R26,LOW(1)
00020f 940e 077d 	CALL __LSLB12
000211 95e0      	COM  R30
000212 6fe0      	ORI  R30,LOW(0xF0)
000213 bbeb      	OUT  0x1B,R30
                 ; 0001 0017         wait_ms(2);
000214 e0a2      	LDI  R26,LOW(2)
000215 e0b0      	LDI  R27,0
000216 940e 0310 	CALL _wait_ms
                 ; 0001 0018 
                 ; 0001 0019         for(c = 0; c < 4; c++) {
000218 e000      	LDI  R16,LOW(0)
                 _0x20008:
000219 3004      	CPI  R16,4
00021a f4e8      	BRSH _0x20009
                 ; 0001 001A             if(!(KEYPAD_PIN & (1 << (c + 4)))) {
00021b b219      	IN   R1,25
00021c 2fe0      	MOV  R30,R16
00021d e0f0      	LDI  R31,0
00021e 9634      	ADIW R30,4
00021f e0a1      	LDI  R26,LOW(1)
000220 e0b0      	LDI  R27,HIGH(1)
000221 940e 0785 	CALL __LSLW12
000223 2da1      	MOV  R26,R1
000224 e0b0      	LDI  R27,0
000225 23ea      	AND  R30,R26
000226 23fb      	AND  R31,R27
000227 9730      	SBIW R30,0
000228 f469      	BRNE _0x2000A
                 ; 0001 001B                 return keymap[r][c];
000229 2fe1      	MOV  R30,R17
00022a e0f0      	LDI  R31,0
00022b 01de      	MOVW R26,R28
00022c 9612      	ADIW R26,2
00022d 940e 078e 	CALL __LSLW2
00022f 0fae      	ADD  R26,R30
000230 1fbf      	ADC  R27,R31
000231 27ee      	CLR  R30
000232 0fa0      	ADD  R26,R16
000233 1fbe      	ADC  R27,R30
000234 91ec      	LD   R30,X
000235 c005      	RJMP _0x2060008
                 ; 0001 001C             }
                 ; 0001 001D         }
                 _0x2000A:
000236 5f0f      	SUBI R16,-1
000237 cfe1      	RJMP _0x20008
                 _0x20009:
                 ; 0001 001E     }
000238 5f1f      	SUBI R17,-1
000239 cfd1      	RJMP _0x20005
                 _0x20006:
                 ; 0001 001F     return 0;
00023a e0e0      	LDI  R30,LOW(0)
                 _0x2060008:
00023b 8119      	LDD  R17,Y+1
00023c 8108      	LDD  R16,Y+0
00023d 9662      	ADIW R28,18
00023e 9508      	RET
                 ; 0001 0020 }
                 ; .FEND
                 ;#include "config.h"
                 	#ifndef __SLEEP_DEFINED__
                 	#endif
                 ;#include "hal_timer.h"
                 ;#include "hal_lcd.h"
                 ;
                 ;void lcd_pulse(void) {
                 ; 0002 0005 void lcd_pulse(void) {
                 
                 	.CSEG
                 _lcd_pulse:
                 ; .FSTART _lcd_pulse
                 ; 0002 0006     LCD_EN = 1;
00023f 9aa9      	SBI  0x15,1
                 ; 0002 0007     wait_ms(1);
000240 e0a1      	LDI  R26,LOW(1)
000241 e0b0      	LDI  R27,0
000242 d0cd      	RCALL _wait_ms
                 ; 0002 0008     LCD_EN = 0;
000243 98a9      	CBI  0x15,1
                 ; 0002 0009     wait_ms(1);
000244 e0a1      	LDI  R26,LOW(1)
000245 c065      	RJMP _0x2060007
                 ; 0002 000A }
                 ; .FEND
                 ;
                 ;void lcd_send(unsigned char value, unsigned char is_data) {
                 ; 0002 000C void lcd_send(unsigned char value, unsigned char is_data) {
                 _lcd_send:
                 ; .FSTART _lcd_send
                 ; 0002 000D     LCD_RS = is_data;
000246 93aa      	ST   -Y,R26
                 ;	value -> Y+1
                 ;	is_data -> Y+0
000247 81e8      	LD   R30,Y
000248 30e0      	CPI  R30,0
000249 f411      	BRNE _0x40007
00024a 98a8      	CBI  0x15,0
00024b c001      	RJMP _0x40008
                 _0x40007:
00024c 9aa8      	SBI  0x15,0
                 _0x40008:
                 ; 0002 000E 
                 ; 0002 000F     // ????? 4 ??? ?? ????
                 ; 0002 0010     LCD_D4 = (value >> 4) & 1;
00024d 81e9      	LDD  R30,Y+1
00024e 95e2      	SWAP R30
00024f 70e1      	ANDI R30,LOW(0x1)
000250 f411      	BRNE _0x40009
000251 98aa      	CBI  0x15,2
000252 c001      	RJMP _0x4000A
                 _0x40009:
000253 9aaa      	SBI  0x15,2
                 _0x4000A:
                 ; 0002 0011     LCD_D5 = (value >> 5) & 1;
000254 81e9      	LDD  R30,Y+1
000255 95e2      	SWAP R30
000256 70ef      	ANDI R30,0xF
000257 95e6      	LSR  R30
000258 70e1      	ANDI R30,LOW(0x1)
000259 f411      	BRNE _0x4000B
00025a 98ab      	CBI  0x15,3
00025b c001      	RJMP _0x4000C
                 _0x4000B:
00025c 9aab      	SBI  0x15,3
                 _0x4000C:
                 ; 0002 0012     LCD_D6 = (value >> 6) & 1;
00025d 81e9      	LDD  R30,Y+1
00025e 95e2      	SWAP R30
00025f 70ef      	ANDI R30,0xF
000260 95e6      	LSR  R30
000261 95e6      	LSR  R30
000262 70e1      	ANDI R30,LOW(0x1)
000263 f411      	BRNE _0x4000D
000264 98ac      	CBI  0x15,4
000265 c001      	RJMP _0x4000E
                 _0x4000D:
000266 9aac      	SBI  0x15,4
                 _0x4000E:
                 ; 0002 0013     LCD_D7 = (value >> 7) & 1;
000267 81e9      	LDD  R30,Y+1
000268 1fee      	ROL  R30
000269 e0e0      	LDI  R30,0
00026a 1fee      	ROL  R30
00026b 70e1      	ANDI R30,LOW(0x1)
00026c f411      	BRNE _0x4000F
00026d 98ad      	CBI  0x15,5
00026e c001      	RJMP _0x40010
                 _0x4000F:
00026f 9aad      	SBI  0x15,5
                 _0x40010:
                 ; 0002 0014     lcd_pulse();
000270 dfce      	RCALL _lcd_pulse
                 ; 0002 0015 
                 ; 0002 0016     // ????? 4 ??? ?? ????
                 ; 0002 0017     LCD_D4 = (value >> 0) & 1;
000271 81e9      	LDD  R30,Y+1
000272 70e1      	ANDI R30,LOW(0x1)
000273 f411      	BRNE _0x40011
000274 98aa      	CBI  0x15,2
000275 c001      	RJMP _0x40012
                 _0x40011:
000276 9aaa      	SBI  0x15,2
                 _0x40012:
                 ; 0002 0018     LCD_D5 = (value >> 1) & 1;
000277 81e9      	LDD  R30,Y+1
000278 95e6      	LSR  R30
000279 70e1      	ANDI R30,LOW(0x1)
00027a f411      	BRNE _0x40013
00027b 98ab      	CBI  0x15,3
00027c c001      	RJMP _0x40014
                 _0x40013:
00027d 9aab      	SBI  0x15,3
                 _0x40014:
                 ; 0002 0019     LCD_D6 = (value >> 2) & 1;
00027e 81e9      	LDD  R30,Y+1
00027f 95e6      	LSR  R30
000280 95e6      	LSR  R30
000281 70e1      	ANDI R30,LOW(0x1)
000282 f411      	BRNE _0x40015
000283 98ac      	CBI  0x15,4
000284 c001      	RJMP _0x40016
                 _0x40015:
000285 9aac      	SBI  0x15,4
                 _0x40016:
                 ; 0002 001A     LCD_D7 = (value >> 3) & 1;
000286 81e9      	LDD  R30,Y+1
000287 95e6      	LSR  R30
000288 95e6      	LSR  R30
000289 95e6      	LSR  R30
00028a 70e1      	ANDI R30,LOW(0x1)
00028b f411      	BRNE _0x40017
00028c 98ad      	CBI  0x15,5
00028d c001      	RJMP _0x40018
                 _0x40017:
00028e 9aad      	SBI  0x15,5
                 _0x40018:
                 ; 0002 001B     lcd_pulse();
00028f dfaf      	RCALL _lcd_pulse
                 ; 0002 001C }
000290 c031      	RJMP _0x2060005
                 ; .FEND
                 ;
                 ;void lcd_init(void) {
                 ; 0002 001E void lcd_init(void) {
                 _lcd_init:
                 ; .FSTART _lcd_init
                 ; 0002 001F     LCD_DDR |= 0x3F; // ????? 6 ??? ??? ???? C ?? ????? ?????
000291 b3e4      	IN   R30,0x14
000292 63ef      	ORI  R30,LOW(0x3F)
000293 bbe4      	OUT  0x14,R30
                 ; 0002 0020     LCD_RS = 0; LCD_EN = 0;
000294 98a8      	CBI  0x15,0
000295 98a9      	CBI  0x15,1
                 ; 0002 0021     wait_ms(20);
000296 e1a4      	LDI  R26,LOW(20)
000297 e0b0      	LDI  R27,0
000298 d077      	RCALL _wait_ms
                 ; 0002 0022 
                 ; 0002 0023     lcd_send(0x02, 0); // ?????? ?? ???? (???? 4 ???)
000299 e0e2      	LDI  R30,LOW(2)
00029a 940e 06e2 	CALL SUBOPT_0x1
                 ; 0002 0024     lcd_send(0x28, 0); // 4-bit, 2 lines
00029c e2e8      	LDI  R30,LOW(40)
00029d 940e 06e2 	CALL SUBOPT_0x1
                 ; 0002 0025     lcd_send(0x0C, 0); // Display ON, Cursor OFF
00029f e0ec      	LDI  R30,LOW(12)
0002a0 940e 06e2 	CALL SUBOPT_0x1
                 ; 0002 0026     lcd_send(0x06, 0); // Entry mode
0002a2 e0e6      	LDI  R30,LOW(6)
0002a3 940e 06e2 	CALL SUBOPT_0x1
                 ; 0002 0027     lcd_clear();
0002a5 d001      	RCALL _lcd_clear
                 ; 0002 0028 }
0002a6 9508      	RET
                 ; .FEND
                 ;
                 ;void lcd_clear(void) {
                 ; 0002 002A void lcd_clear(void) {
                 _lcd_clear:
                 ; .FSTART _lcd_clear
                 ; 0002 002B     lcd_send(0x01, 0);
0002a7 e0e1      	LDI  R30,LOW(1)
0002a8 940e 06e2 	CALL SUBOPT_0x1
                 ; 0002 002C     wait_ms(2);
0002aa e0a2      	LDI  R26,LOW(2)
                 _0x2060007:
0002ab e0b0      	LDI  R27,0
0002ac d063      	RCALL _wait_ms
                 ; 0002 002D }
0002ad 9508      	RET
                 ; .FEND
                 ;
                 ;void lcd_putc(char c) {
                 ; 0002 002F void lcd_putc(char c) {
                 _lcd_putc:
                 ; .FSTART _lcd_putc
                 ; 0002 0030     lcd_send(c, 1);
0002ae 93aa      	ST   -Y,R26
                 ;	c -> Y+0
0002af 81e8      	LD   R30,Y
0002b0 93ea      	ST   -Y,R30
0002b1 e0a1      	LDI  R26,LOW(1)
0002b2 df93      	RCALL _lcd_send
                 ; 0002 0031 }
                 _0x2060006:
0002b3 9621      	ADIW R28,1
0002b4 9508      	RET
                 ; .FEND
                 ;
                 ;void lcd_print(char* str) {
                 ; 0002 0033 void lcd_print(char* str) {
                 _lcd_print:
                 ; .FSTART _lcd_print
                 ; 0002 0034     while(*str) {
0002b5 93ba      	ST   -Y,R27
0002b6 93aa      	ST   -Y,R26
                 ;	*str -> Y+0
                 _0x4001D:
0002b7 81a8      	LD   R26,Y
0002b8 81b9      	LDD  R27,Y+1
0002b9 91ec      	LD   R30,X
0002ba 30e0      	CPI  R30,0
0002bb f031      	BREQ _0x4001F
                 ; 0002 0035         lcd_putc(*str++);
0002bc 91ed      	LD   R30,X+
0002bd 83a8      	ST   Y,R26
0002be 83b9      	STD  Y+1,R27
0002bf 2fae      	MOV  R26,R30
0002c0 dfed      	RCALL _lcd_putc
                 ; 0002 0036     }
0002c1 cff5      	RJMP _0x4001D
                 _0x4001F:
                 ; 0002 0037 }
                 _0x2060005:
0002c2 9622      	ADIW R28,2
0002c3 9508      	RET
                 ; .FEND
                 ;
                 ;void lcd_gotoxy(unsigned char x, unsigned char y) {
                 ; 0002 0039 void lcd_gotoxy(unsigned char x, unsigned char y) {
                 _lcd_gotoxy:
                 ; .FSTART _lcd_gotoxy
                 ; 0002 003A     unsigned char addr = (y == 0) ? (0x80 + x) : (0xC0 + x);
                 ; 0002 003B     lcd_send(addr, 0);
0002c4 93aa      	ST   -Y,R26
0002c5 931a      	ST   -Y,R17
                 ;	x -> Y+2
                 ;	y -> Y+1
                 ;	addr -> R17
0002c6 81a9      	LDD  R26,Y+1
0002c7 30a0      	CPI  R26,LOW(0x0)
0002c8 f429      	BRNE _0x40020
0002c9 81ea      	LDD  R30,Y+2
0002ca e0f0      	LDI  R31,0
0002cb 58e0      	SUBI R30,LOW(-128)
0002cc 4fff      	SBCI R31,HIGH(-128)
0002cd c004      	RJMP _0x40021
                 _0x40020:
0002ce 81ea      	LDD  R30,Y+2
0002cf e0f0      	LDI  R31,0
0002d0 54e0      	SUBI R30,LOW(-192)
0002d1 4fff      	SBCI R31,HIGH(-192)
                 _0x40021:
0002d2 2f1e      	MOV  R17,R30
0002d3 931a      	ST   -Y,R17
0002d4 e0a0      	LDI  R26,LOW(0)
0002d5 df70      	RCALL _lcd_send
                 ; 0002 003C }
0002d6 8118      	LDD  R17,Y+0
                 _0x2060004:
0002d7 9623      	ADIW R28,3
0002d8 9508      	RET
                 ; .FEND
                 ;#include <mega32.h>
                 	#ifndef __SLEEP_DEFINED__
                 	#endif
                 ;#include "hal_timer.h"
                 ;
                 ;volatile unsigned long g_millis = 0;
                 ;
                 ;// وقفه مقایسه تایمر صفر (هر 1 میلی‌ثانیه اجرا می‌شود)
                 ;interrupt [TIM0_COMP] void timer0_comp_isr(void) {
                 ; 0003 0007 interrupt [11] void timer0_comp_isr(void) {
                 
                 	.CSEG
                 _timer0_comp_isr:
                 ; .FSTART _timer0_comp_isr
0002d9 936a      	ST   -Y,R22
0002da 937a      	ST   -Y,R23
0002db 93aa      	ST   -Y,R26
0002dc 93ba      	ST   -Y,R27
0002dd 93ea      	ST   -Y,R30
0002de 93fa      	ST   -Y,R31
0002df b7ef      	IN   R30,SREG
0002e0 93ea      	ST   -Y,R30
                 ; 0003 0008     g_millis++;
0002e1 e0ac      	LDI  R26,LOW(_g_millis)
0002e2 e0b4      	LDI  R27,HIGH(_g_millis)
0002e3 940e 07a1 	CALL __GETD1P_INC
                +
0002e5 5fef     +SUBI R30 , LOW ( - 1 )
0002e6 4fff     +SBCI R31 , HIGH ( - 1 )
0002e7 4f6f     +SBCI R22 , BYTE3 ( - 1 )
0002e8 4f7f     +SBCI R23 , BYTE4 ( - 1 )
                 	__SUBD1N -1
0002e9 940e 07a6 	CALL __PUTDP1_DEC
                 ; 0003 0009 }
0002eb 91e9      	LD   R30,Y+
0002ec bfef      	OUT  SREG,R30
0002ed 91f9      	LD   R31,Y+
0002ee 91e9      	LD   R30,Y+
0002ef 91b9      	LD   R27,Y+
0002f0 91a9      	LD   R26,Y+
0002f1 9179      	LD   R23,Y+
0002f2 9169      	LD   R22,Y+
0002f3 9518      	RETI
                 ; .FEND
                 ;
                 ;void timer_init(void) {
                 ; 0003 000B void timer_init(void) {
                 _timer_init:
                 ; .FSTART _timer_init
                 ; 0003 000C     TCNT0 = 0;
0002f4 e0e0      	LDI  R30,LOW(0)
0002f5 bfe2      	OUT  0x32,R30
                 ; 0003 000D     OCR0 = 124; // تنظیم برای 1 میلی‌ثانیه با کلاک 8MHz و Prescaler=64
0002f6 e7ec      	LDI  R30,LOW(124)
0002f7 bfec      	OUT  0x3C,R30
                 ; 0003 000E     TCCR0 = (1<<WGM01) | (1<<CS01) | (1<<CS00); // حالت CTC
0002f8 e0eb      	LDI  R30,LOW(11)
0002f9 bfe3      	OUT  0x33,R30
                 ; 0003 000F     TIMSK |= (1<<OCIE0);
0002fa b7e9      	IN   R30,0x39
0002fb 60e2      	ORI  R30,2
0002fc bfe9      	OUT  0x39,R30
                 ; 0003 0010     #asm("sei") // فعال‌سازی وقفه‌های سراسری
0002fd 9478      	sei
                 ; 0003 0011 }
0002fe 9508      	RET
                 ; .FEND
                 ;
                 ;unsigned long millis(void) {
                 ; 0003 0013 unsigned long millis(void) {
                 _millis:
                 ; .FSTART _millis
                 ; 0003 0014     unsigned long time;
                 ; 0003 0015     #asm("cli")
0002ff 9724      	SBIW R28,4
                 ;	time -> Y+0
000300 94f8      	cli
                 ; 0003 0016     time = g_millis;
000301 91e0 040c 	LDS  R30,_g_millis
000303 91f0 040d 	LDS  R31,_g_millis+1
000305 9160 040e 	LDS  R22,_g_millis+2
000307 9170 040f 	LDS  R23,_g_millis+3
000309 940e 07b9 	CALL __PUTD1S0
                 ; 0003 0017     #asm("sei")
00030b 9478      	sei
                 ; 0003 0018     return time;
00030c 940e 07af 	CALL __GETD1S0
00030e 9624      	ADIW R28,4
00030f 9508      	RET
                 ; 0003 0019 }
                 ; .FEND
                 ;
                 ;// تابع جایگزین delay_ms که برنامه را فریز نمی‌کند و وقفه‌ها کار می‌ک� ...
                 ;void wait_ms(unsigned int ms) {
                 ; 0003 001C void wait_ms(unsigned int ms) {
                 _wait_ms:
                 ; .FSTART _wait_ms
                 ; 0003 001D     unsigned long start = millis();
                 ; 0003 001E     while((millis() - start) < ms);
000310 93ba      	ST   -Y,R27
000311 93aa      	ST   -Y,R26
000312 9724      	SBIW R28,4
                 ;	ms -> Y+4
                 ;	start -> Y+0
000313 dfeb      	RCALL _millis
000314 940e 07b9 	CALL __PUTD1S0
                 _0x60003:
000316 dfe8      	RCALL _millis
000317 940e 07b4 	CALL __GETD2S0
000319 940e 076f 	CALL __SUBD12
00031b 01df      	MOVW R26,R30
00031c 01cb      	MOVW R24,R22
00031d 81ec      	LDD  R30,Y+4
00031e 81fd      	LDD  R31,Y+4+1
00031f 2766      	CLR  R22
000320 2777      	CLR  R23
000321 940e 07c3 	CALL __CPD21
000323 f390      	BRLO _0x60003
                 ; 0003 001F }
000324 9626      	ADIW R28,6
000325 9508      	RET
                 ; .FEND
                 ;#include <mega32.h>
                 	#ifndef __SLEEP_DEFINED__
                 	#endif
                 ;#include <stdio.h>
                 ;#include <string.h>
                 ;
                 ;#include "config.h"
                 ;#include "hal_timer.h"
                 ;#include "hal_lcd.h"
                 ;#include "hal_keypad.h"
                 ;#include "app_lock.h"
                 ;
                 ;// ????? ???? ?????? ???? ???? ????? ???? ??????? ??? ???
                 ;char ui_get_key(void) {
                 ; 0004 000C char ui_get_key(void) {
                 
                 	.CSEG
                 _ui_get_key:
                 ; .FSTART _ui_get_key
                 ; 0004 000D     char key;
                 ; 0004 000E     while(1) {
000326 931a      	ST   -Y,R17
                 ;	key -> R17
                 _0x80003:
                 ; 0004 000F         lock_update_task(); // ?? ???? ????? ??? ?? ????????
000327 940e 0196 	CALL _lock_update_task
                 ; 0004 0010         key = keypad_read();
000329 940e 0200 	CALL _keypad_read
00032b 2f1e      	MOV  R17,R30
                 ; 0004 0011         if(key != 0) {
00032c 3010      	CPI  R17,0
00032d f081      	BREQ _0x80006
                 ; 0004 0012             wait_ms(20); // ????????? (Debounce)
00032e e1a4      	LDI  R26,LOW(20)
00032f e0b0      	LDI  R27,0
000330 dfdf      	RCALL _wait_ms
                 ; 0004 0013             if (keypad_read() == key) {
000331 940e 0200 	CALL _keypad_read
000333 171e      	CP   R17,R30
000334 f449      	BRNE _0x80007
                 ; 0004 0014                 // ??? ?????? ?? ????? ???? ?? ?? ??? ???? ??????
                 ; 0004 0015                 while(keypad_read() != 0) lock_update_task();
                 _0x80008:
000335 940e 0200 	CALL _keypad_read
000337 30e0      	CPI  R30,0
000338 f019      	BREQ _0x8000A
000339 940e 0196 	CALL _lock_update_task
00033b cff9      	RJMP _0x80008
                 _0x8000A:
                 ; 0004 0016 return key;
00033c 2fe1      	MOV  R30,R17
00033d c001      	RJMP _0x2060003
                 ; 0004 0017             }
                 ; 0004 0018         }
                 _0x80007:
                 ; 0004 0019     }
                 _0x80006:
00033e cfe8      	RJMP _0x80003
                 ; 0004 001A }
                 _0x2060003:
00033f 9119      	LD   R17,Y+
000340 9508      	RET
                 ; .FEND
                 ;
                 ;// ?? ???? ???? ???? ????? ????? (??? ?? ???)
                 ;// ??? is_password ????? 1 ????? ????? ??? ??????
                 ;int get_input(char* buffer, int max_len, int is_password) {
                 ; 0004 001E int get_input(char* buffer, int max_len, int is_password) {
                 _get_input:
                 ; .FSTART _get_input
                 ; 0004 001F     int idx = 0;
                 ; 0004 0020     char key;
                 ; 0004 0021     buffer[0] = '\0';
000341 93ba      	ST   -Y,R27
000342 93aa      	ST   -Y,R26
000343 940e 07ca 	CALL __SAVELOCR4
                 ;	*buffer -> Y+8
                 ;	max_len -> Y+6
                 ;	is_password -> Y+4
                 ;	idx -> R16,R17
                 ;	key -> R19
000345 940e 06e6 	CALL SUBOPT_0x2
                 ; 0004 0022 
                 ; 0004 0023     lcd_gotoxy(0, 1);
                 ; 0004 0024     lcd_print("                ");
                +
000347 e6a0     +LDI R26 , LOW ( _0x8000B + ( 0 ) )
000348 e0b2     +LDI R27 , HIGH ( _0x8000B + ( 0 ) )
                 	__POINTW2MN _0x8000B,0
000349 940e 06f0 	CALL SUBOPT_0x3
                 ; 0004 0025     lcd_gotoxy(0, 1);
                 ; 0004 0026 
                 ; 0004 0027     while(1) {
                 _0x8000C:
                 ; 0004 0028         key = ui_get_key();
00034b dfda      	RCALL _ui_get_key
00034c 2f3e      	MOV  R19,R30
                 ; 0004 0029 
                 ; 0004 002A         if(key == '#') { // ?????
00034d 3233      	CPI  R19,35
00034e f4c1      	BRNE _0x8000F
                 ; 0004 002B             if(idx == max_len) return 1;
00034f 81ee      	LDD  R30,Y+6
000350 81ff      	LDD  R31,Y+6+1
000351 17e0      	CP   R30,R16
000352 07f1      	CPC  R31,R17
000353 f419      	BRNE _0x80010
000354 e0e1      	LDI  R30,LOW(1)
000355 e0f0      	LDI  R31,HIGH(1)
000356 c04c      	RJMP _0x2060002
                 ; 0004 002C             else {
                 _0x80010:
                 ; 0004 002D                 lcd_gotoxy(0, 1);
000357 e0e0      	LDI  R30,LOW(0)
000358 940e 06f7 	CALL SUBOPT_0x4
                 ; 0004 002E                 lcd_print("Len Must Be "); lcd_putc(max_len + '0');
                +
00035a e7a1     +LDI R26 , LOW ( _0x8000B + ( 17 ) )
00035b e0b2     +LDI R27 , HIGH ( _0x8000B + ( 17 ) )
                 	__POINTW2MN _0x8000B,17
00035c 940e 02b5 	CALL _lcd_print
00035e 81ae      	LDD  R26,Y+6
00035f 5da0      	SUBI R26,-LOW(48)
000360 940e 02ae 	CALL _lcd_putc
                 ; 0004 002F                 wait_ms(1500);
000362 940e 06fb 	CALL SUBOPT_0x5
                 ; 0004 0030                 return 0; // ??? ?? ??? ?????
000364 e0e0      	LDI  R30,LOW(0)
000365 e0f0      	LDI  R31,HIGH(0)
000366 c03c      	RJMP _0x2060002
                 ; 0004 0031             }
                 ; 0004 0032         }
                 ; 0004 0033         else if(key == '*') { // ??? ???? ?? ????? (Clear)
                 _0x8000F:
000367 323a      	CPI  R19,42
000368 f439      	BRNE _0x80013
                 ; 0004 0034             idx = 0;
000369 940e 06e6 	CALL SUBOPT_0x2
                 ; 0004 0035             buffer[0] = '\0';
                 ; 0004 0036             lcd_gotoxy(0, 1);
                 ; 0004 0037             lcd_print("                ");
                +
00036b e7ae     +LDI R26 , LOW ( _0x8000B + ( 30 ) )
00036c e0b2     +LDI R27 , HIGH ( _0x8000B + ( 30 ) )
                 	__POINTW2MN _0x8000B,30
00036d 940e 06f0 	CALL SUBOPT_0x3
                 ; 0004 0038             lcd_gotoxy(0, 1);
                 ; 0004 0039         }
                 ; 0004 003A         else if(key == 'C') { // پاک کردن کل ورودی (روی کیپد دکمه ON/C)
00036f c032      	RJMP _0x80014
                 _0x80013:
000370 3433      	CPI  R19,67
000371 f439      	BRNE _0x80015
                 ; 0004 003B             idx = 0;
000372 940e 06e6 	CALL SUBOPT_0x2
                 ; 0004 003C             buffer[0] = '\0';
                 ; 0004 003D             lcd_gotoxy(0, 1);
                 ; 0004 003E             lcd_print("                ");
                +
000374 e8af     +LDI R26 , LOW ( _0x8000B + ( 47 ) )
000375 e0b2     +LDI R27 , HIGH ( _0x8000B + ( 47 ) )
                 	__POINTW2MN _0x8000B,47
000376 940e 06f0 	CALL SUBOPT_0x3
                 ; 0004 003F             lcd_gotoxy(0, 1);
                 ; 0004 0040         }
                 ; 0004 0041         else if(key == '-') { // انصراف / بازگشت
000378 c029      	RJMP _0x80016
                 _0x80015:
000379 323d      	CPI  R19,45
00037a f419      	BRNE _0x80017
                 ; 0004 0042             return 0;
00037b e0e0      	LDI  R30,LOW(0)
00037c e0f0      	LDI  R31,HIGH(0)
00037d c025      	RJMP _0x2060002
                 ; 0004 0043         }
                 ; 0004 0044         else if(key >= '0' && key <= '9') {
                 _0x80017:
00037e 3330      	CPI  R19,48
00037f f010      	BRLO _0x8001A
000380 333a      	CPI  R19,58
000381 f008      	BRLO _0x8001B
                 _0x8001A:
000382 c01f      	RJMP _0x80019
                 _0x8001B:
                 ; 0004 0045             if(idx < max_len) {
000383 81ee      	LDD  R30,Y+6
000384 81ff      	LDD  R31,Y+6+1
000385 170e      	CP   R16,R30
000386 071f      	CPC  R17,R31
000387 f4d4      	BRGE _0x8001C
                 ; 0004 0046                 buffer[idx] = key;
000388 01f8      	MOVW R30,R16
000389 85a8      	LDD  R26,Y+8
00038a 85b9      	LDD  R27,Y+8+1
00038b 0fea      	ADD  R30,R26
00038c 1ffb      	ADC  R31,R27
00038d 8330      	ST   Z,R19
                 ; 0004 0047                 idx++;
                +
00038e 5f0f     +SUBI R16 , LOW ( - 1 )
00038f 4f1f     +SBCI R17 , HIGH ( - 1 )
                 	__ADDWRN 16,17,1
                 ; 0004 0048                 buffer[idx] = '\0';
000390 01f8      	MOVW R30,R16
000391 0fae      	ADD  R26,R30
000392 1fbf      	ADC  R27,R31
000393 e0e0      	LDI  R30,LOW(0)
000394 93ec      	ST   X,R30
                 ; 0004 0049 
                 ; 0004 004A                 lcd_gotoxy(idx - 1, 1);
000395 2fe0      	MOV  R30,R16
000396 50e1      	SUBI R30,LOW(1)
000397 940e 06f7 	CALL SUBOPT_0x4
                 ; 0004 004B                 if(is_password) lcd_putc('*');
000399 81ec      	LDD  R30,Y+4
00039a 81fd      	LDD  R31,Y+4+1
00039b 9730      	SBIW R30,0
00039c f011      	BREQ _0x8001D
00039d e2aa      	LDI  R26,LOW(42)
00039e c001      	RJMP _0x8004B
                 ; 0004 004C                 else lcd_putc(key);
                 _0x8001D:
00039f 2fa3      	MOV  R26,R19
                 _0x8004B:
0003a0 940e 02ae 	CALL _lcd_putc
                 ; 0004 004D             }
                 ; 0004 004E         }
                 _0x8001C:
                 ; 0004 004F     }
                 _0x80019:
                 _0x80016:
                 _0x80014:
0003a2 cfa8      	RJMP _0x8000C
                 ; 0004 0050 }
                 _0x2060002:
0003a3 940e 07d1 	CALL __LOADLOCR4
0003a5 962a      	ADIW R28,10
0003a6 9508      	RET
                 ; .FEND
                 
                 	.DSEG
                 _0x8000B:
000260           	.BYTE 0x40
                 ;
                 ;// ??? ??? ????? ?? ?? ???????? ?????
                 ;void system_lockdown(void) {
                 ; 0004 0053 void system_lockdown(void) {
                 
                 	.CSEG
                 _system_lockdown:
                 ; .FSTART _system_lockdown
                 ; 0004 0054     int wait_time = 15; // 15 ????? ??? ??????
                 ; 0004 0055     unsigned long last_sec = millis();
                 ; 0004 0056     char buf[16];
                 ; 0004 0057 
                 ; 0004 0058     lcd_clear();
0003a7 9764      	SBIW R28,20
0003a8 931a      	ST   -Y,R17
0003a9 930a      	ST   -Y,R16
                 ;	wait_time -> R16,R17
                 ;	last_sec -> Y+18
                 ;	buf -> Y+2
                +
0003aa e00f     +LDI R16 , LOW ( 15 )
0003ab e010     +LDI R17 , HIGH ( 15 )
                 	__GETWRN 16,17,15
0003ac 940e 06ff 	CALL SUBOPT_0x6
0003ae 940e 02a7 	CALL _lcd_clear
                 ; 0004 0059     lcd_print("SYSTEM LOCKED!");
                +
0003b0 eaa0     +LDI R26 , LOW ( _0x8001F + ( 0 ) )
0003b1 e0b2     +LDI R27 , HIGH ( _0x8001F + ( 0 ) )
                 	__POINTW2MN _0x8001F,0
0003b2 940e 02b5 	CALL _lcd_print
                 ; 0004 005A 
                 ; 0004 005B     while(wait_time > 0) {
                 _0x80020:
0003b4 2400      	CLR  R0
0003b5 1600      	CP   R0,R16
0003b6 0601      	CPC  R0,R17
0003b7 f584      	BRGE _0x80022
                 ; 0004 005C         lock_update_task();
0003b8 940e 0196 	CALL _lock_update_task
                 ; 0004 005D         if(millis() - last_sec >= 1000) {
0003ba df44      	RCALL _millis
0003bb 01df      	MOVW R26,R30
0003bc 01cb      	MOVW R24,R22
                +
0003bd 89ea     +LDD R30 , Y + 18
0003be 89fb     +LDD R31 , Y + 18 + 1
0003bf 896c     +LDD R22 , Y + 18 + 2
0003c0 897d     +LDD R23 , Y + 18 + 3
                 	__GETD1S 18
0003c1 940e 0774 	CALL __SUBD21
                +
0003c3 3ea8     +CPI R26 , LOW ( 0x3E8 )
0003c4 e0e3     +LDI R30 , HIGH ( 0x3E8 )
0003c5 07be     +CPC R27 , R30
0003c6 e0e0     +LDI R30 , BYTE3 ( 0x3E8 )
0003c7 078e     +CPC R24 , R30
0003c8 e0e0     +LDI R30 , BYTE4 ( 0x3E8 )
0003c9 079e     +CPC R25 , R30
                 	__CPD2N 0x3E8
0003ca f0e0      	BRLO _0x80023
                 ; 0004 005E             last_sec = millis();
0003cb 940e 06ff 	CALL SUBOPT_0x6
                 ; 0004 005F             wait_time--;
                +
0003cd 5001     +SUBI R16 , LOW ( 1 )
0003ce 4010     +SBCI R17 , HIGH ( 1 )
                 	__SUBWRN 16,17,1
                 ; 0004 0060             sprintf(buf, "Wait %2d sec   ", wait_time);
0003cf 01fe      	MOVW R30,R28
0003d0 9632      	ADIW R30,2
0003d1 93fa      	ST   -Y,R31
0003d2 93ea      	ST   -Y,R30
                +
0003d3 eaef     +LDI R30 , LOW ( 2 * _0x80000 + ( 45 ) )
0003d4 e0f0     +LDI R31 , HIGH ( 2 * _0x80000 + ( 45 ) )
                 	__POINTW1FN _0x80000,45
0003d5 93fa      	ST   -Y,R31
0003d6 93ea      	ST   -Y,R30
0003d7 01f8      	MOVW R30,R16
0003d8 940e 0793 	CALL __CWD1
0003da 940e 07be 	CALL __PUTPARD1
0003dc e084      	LDI  R24,4
0003dd 940e 06a7 	CALL _sprintf
0003df 9628      	ADIW R28,8
                 ; 0004 0061             lcd_gotoxy(0, 1);
0003e0 e0e0      	LDI  R30,LOW(0)
0003e1 940e 06f7 	CALL SUBOPT_0x4
                 ; 0004 0062             lcd_print(buf);
0003e3 01de      	MOVW R26,R28
0003e4 9612      	ADIW R26,2
0003e5 940e 02b5 	CALL _lcd_print
                 ; 0004 0063         }
                 ; 0004 0064     }
                 _0x80023:
0003e7 cfcc      	RJMP _0x80020
                 _0x80022:
                 ; 0004 0065     lock_reset_failures();
0003e8 940e 01f7 	CALL _lock_reset_failures
                 ; 0004 0066 }
0003ea 8119      	LDD  R17,Y+1
0003eb 8108      	LDD  R16,Y+0
0003ec 9666      	ADIW R28,22
0003ed 9508      	RET
                 ; .FEND
                 
                 	.DSEG
                 _0x8001F:
0002a0           	.BYTE 0xF
                 ;
                 ;// منوی مدیریت
                 ;void admin_menu(void) {
                 ; 0004 0069 void admin_menu(void) {
                 
                 	.CSEG
                 _admin_menu:
                 ; .FSTART _admin_menu
                 ; 0004 006A     char key;
                 ; 0004 006B     char buf[10];
                 ; 0004 006C 
                 ; 0004 006D     while(1) {
0003ee 972a      	SBIW R28,10
0003ef 931a      	ST   -Y,R17
                 ;	key -> R17
                 ;	buf -> Y+1
                 _0x80024:
                 ; 0004 006E         lcd_clear();
0003f0 940e 02a7 	CALL _lcd_clear
                 ; 0004 006F         lcd_print("1:UsrPsw 2:AdmPs");
                +
0003f2 eaaf     +LDI R26 , LOW ( _0x80027 + ( 0 ) )
0003f3 e0b2     +LDI R27 , HIGH ( _0x80027 + ( 0 ) )
                 	__POINTW2MN _0x80027,0
0003f4 940e 06f0 	CALL SUBOPT_0x3
                 ; 0004 0070         lcd_gotoxy(0, 1);
                 ; 0004 0071         lcd_print("3:Tries  4:Len");
                +
0003f6 eca0     +LDI R26 , LOW ( _0x80027 + ( 17 ) )
0003f7 e0b2     +LDI R27 , HIGH ( _0x80027 + ( 17 ) )
                 	__POINTW2MN _0x80027,17
0003f8 940e 02b5 	CALL _lcd_print
                 ; 0004 0072 
                 ; 0004 0073         key = ui_get_key();
0003fa df2b      	RCALL _ui_get_key
0003fb 2f1e      	MOV  R17,R30
                 ; 0004 0074 
                 ; 0004 0075         if(key == '1') {
0003fc 3311      	CPI  R17,49
0003fd f499      	BRNE _0x80028
                 ; 0004 0076             lcd_clear(); lcd_print("New User Pass:");
0003fe 940e 02a7 	CALL _lcd_clear
                +
000400 ecaf     +LDI R26 , LOW ( _0x80027 + ( 32 ) )
000401 e0b2     +LDI R27 , HIGH ( _0x80027 + ( 32 ) )
                 	__POINTW2MN _0x80027,32
000402 940e 0706 	CALL SUBOPT_0x7
                 ; 0004 0077             if(get_input(buf, lock_get_pass_len(), 1)) {
000404 f059      	BREQ _0x80029
                 ; 0004 0078                 lock_set_password(buf, ROLE_USER);
000405 940e 0717 	CALL SUBOPT_0x8
000407 e0a0      	LDI  R26,LOW(0)
000408 940e 01cd 	CALL _lock_set_password
                 ; 0004 0079                 lcd_clear(); lcd_print("Saved!"); wait_ms(1000);
00040a 940e 02a7 	CALL _lcd_clear
                +
00040c edae     +LDI R26 , LOW ( _0x80027 + ( 47 ) )
00040d e0b2     +LDI R27 , HIGH ( _0x80027 + ( 47 ) )
                 	__POINTW2MN _0x80027,47
00040e 940e 071c 	CALL SUBOPT_0x9
                 ; 0004 007A             }
                 ; 0004 007B         }
                 _0x80029:
                 ; 0004 007C         else if(key == '2') {
000410 c061      	RJMP _0x8002A
                 _0x80028:
000411 3312      	CPI  R17,50
000412 f499      	BRNE _0x8002B
                 ; 0004 007D             lcd_clear(); lcd_print("New Admin Pass:");
000413 940e 02a7 	CALL _lcd_clear
                +
000415 eea5     +LDI R26 , LOW ( _0x80027 + ( 54 ) )
000416 e0b2     +LDI R27 , HIGH ( _0x80027 + ( 54 ) )
                 	__POINTW2MN _0x80027,54
000417 940e 0706 	CALL SUBOPT_0x7
                 ; 0004 007E             if(get_input(buf, lock_get_pass_len(), 1)) {
000419 f059      	BREQ _0x8002C
                 ; 0004 007F                 lock_set_password(buf, ROLE_ADMIN);
00041a 940e 0717 	CALL SUBOPT_0x8
00041c e0a1      	LDI  R26,LOW(1)
00041d 940e 01cd 	CALL _lock_set_password
                 ; 0004 0080                 lcd_clear(); lcd_print("Saved!"); wait_ms(1000);
00041f 940e 02a7 	CALL _lcd_clear
                +
000421 efa5     +LDI R26 , LOW ( _0x80027 + ( 70 ) )
000422 e0b2     +LDI R27 , HIGH ( _0x80027 + ( 70 ) )
                 	__POINTW2MN _0x80027,70
000423 940e 071c 	CALL SUBOPT_0x9
                 ; 0004 0081             }
                 ; 0004 0082         }
                 _0x8002C:
                 ; 0004 0083         else if(key == '3') {
000425 c04c      	RJMP _0x8002D
                 _0x8002B:
000426 3313      	CPI  R17,51
000427 f4b1      	BRNE _0x8002E
                 ; 0004 0084             lcd_clear(); lcd_print("Set Max Tries:");
000428 940e 02a7 	CALL _lcd_clear
                +
00042a efac     +LDI R26 , LOW ( _0x80027 + ( 77 ) )
00042b e0b2     +LDI R27 , HIGH ( _0x80027 + ( 77 ) )
                 	__POINTW2MN _0x80027,77
00042c 940e 02b5 	CALL _lcd_print
                 ; 0004 0085             if(get_input(buf, 1, 0)) {
00042e 940e 0717 	CALL SUBOPT_0x8
000430 940e 0722 	CALL SUBOPT_0xA
000432 f051      	BREQ _0x8002F
                 ; 0004 0086                 lock_set_max_tries(buf[0] - '0');
000433 81a9      	LDD  R26,Y+1
000434 53a0      	SUBI R26,LOW(48)
000435 940e 01e1 	CALL _lock_set_max_tries
                 ; 0004 0087                 lcd_clear(); lcd_print("Saved!"); wait_ms(1000);
000437 940e 02a7 	CALL _lcd_clear
                +
000439 e0ab     +LDI R26 , LOW ( _0x80027 + ( 92 ) )
00043a e0b3     +LDI R27 , HIGH ( _0x80027 + ( 92 ) )
                 	__POINTW2MN _0x80027,92
00043b 940e 071c 	CALL SUBOPT_0x9
                 ; 0004 0088             }
                 ; 0004 0089         }
                 _0x8002F:
                 ; 0004 008A         else if(key == '4') {
00043d c034      	RJMP _0x80030
                 _0x8002E:
00043e 3314      	CPI  R17,52
00043f f569      	BRNE _0x80031
                 ; 0004 008B             lcd_clear(); lcd_print("Set Length(4-8):");
000440 940e 02a7 	CALL _lcd_clear
                +
000442 e1a2     +LDI R26 , LOW ( _0x80027 + ( 99 ) )
000443 e0b3     +LDI R27 , HIGH ( _0x80027 + ( 99 ) )
                 	__POINTW2MN _0x80027,99
000444 940e 02b5 	CALL _lcd_print
                 ; 0004 008C             if(get_input(buf, 1, 0)) {
000446 940e 0717 	CALL SUBOPT_0x8
000448 940e 0722 	CALL SUBOPT_0xA
00044a f109      	BREQ _0x80032
                 ; 0004 008D                 int new_len = buf[0] - '0';
                 ; 0004 008E                 if(new_len >= 4 && new_len <= 8) {
00044b 9722      	SBIW R28,2
                 ;	buf -> Y+3
                 ;	new_len -> Y+0
00044c 81eb      	LDD  R30,Y+3
00044d e0f0      	LDI  R31,0
00044e 97f0      	SBIW R30,48
00044f 83e8      	ST   Y,R30
000450 83f9      	STD  Y+1,R31
000451 81a8      	LD   R26,Y
000452 81b9      	LDD  R27,Y+1
000453 9714      	SBIW R26,4
000454 f024      	BRLT _0x80034
000455 81a8      	LD   R26,Y
000456 81b9      	LDD  R27,Y+1
000457 9719      	SBIW R26,9
000458 f00c      	BRLT _0x80035
                 _0x80034:
000459 c008      	RJMP _0x80033
                 _0x80035:
                 ; 0004 008F                     lock_set_pass_len(new_len);
00045a 81a8      	LD   R26,Y
00045b 940e 01ea 	CALL _lock_set_pass_len
                 ; 0004 0090                     lcd_clear(); lcd_print("Saved! Plz Reset");
00045d 940e 02a7 	CALL _lcd_clear
                +
00045f e2a3     +LDI R26 , LOW ( _0x80027 + ( 116 ) )
000460 e0b3     +LDI R27 , HIGH ( _0x80027 + ( 116 ) )
                 	__POINTW2MN _0x80027,116
000461 c004      	RJMP _0x8004C
                 ; 0004 0091                     wait_ms(1000);
                 ; 0004 0092                 } else {
                 _0x80033:
                 ; 0004 0093                     lcd_clear(); lcd_print("Invalid Length!");
000462 940e 02a7 	CALL _lcd_clear
                +
000464 e3a4     +LDI R26 , LOW ( _0x80027 + ( 133 ) )
000465 e0b3     +LDI R27 , HIGH ( _0x80027 + ( 133 ) )
                 	__POINTW2MN _0x80027,133
                 _0x8004C:
000466 940e 02b5 	CALL _lcd_print
                 ; 0004 0094                     wait_ms(1000);
000468 eea8      	LDI  R26,LOW(1000)
000469 e0b3      	LDI  R27,HIGH(1000)
00046a dea5      	RCALL _wait_ms
                 ; 0004 0095                 }
                 ; 0004 0096             }
00046b 9622      	ADIW R28,2
                 ; 0004 0097         }
                 _0x80032:
                 ; 0004 0098         else if(key == '-' || key == '+') { // دکمه‌های خروج
00046c c005      	RJMP _0x80037
                 _0x80031:
00046d 321d      	CPI  R17,45
00046e f011      	BREQ _0x80039
00046f 321b      	CPI  R17,43
000470 f409      	BRNE _0x80038
                 _0x80039:
                 ; 0004 0099             break;
000471 c001      	RJMP _0x80026
                 ; 0004 009A         }
                 ; 0004 009B     }
                 _0x80038:
                 _0x80037:
                 _0x80030:
                 _0x8002D:
                 _0x8002A:
000472 cf7d      	RJMP _0x80024
                 _0x80026:
                 ; 0004 009C }
000473 8118      	LDD  R17,Y+0
000474 962b      	ADIW R28,11
000475 9508      	RET
                 ; .FEND
                 
                 	.DSEG
                 _0x80027:
0002af           	.BYTE 0x95
                 ;
                 ;void main(void) {
                 ; 0004 009E void main(void) {
                 
                 	.CSEG
                 _main:
                 ; .FSTART _main
                 ; 0004 009F     char key;
                 ; 0004 00A0     char input_buffer[10];
                 ; 0004 00A1 
                 ; 0004 00A2     timer_init();
000476 972a      	SBIW R28,10
                 ;	key -> R17
                 ;	input_buffer -> Y+0
000477 de7c      	RCALL _timer_init
                 ; 0004 00A3     lcd_init();
000478 940e 0291 	CALL _lcd_init
                 ; 0004 00A4     keypad_init();
00047a 940e 01fb 	CALL _keypad_init
                 ; 0004 00A5     lock_init();
00047c 940e 017c 	CALL _lock_init
                 ; 0004 00A6 
                 ; 0004 00A7     lcd_clear();
00047e 940e 02a7 	CALL _lcd_clear
                 ; 0004 00A8     lcd_print("  Digital Lock  ");
                +
000480 e4a4     +LDI R26 , LOW ( _0x8003B + ( 0 ) )
000481 e0b3     +LDI R27 , HIGH ( _0x8003B + ( 0 ) )
                 	__POINTW2MN _0x8003B,0
000482 940e 06f0 	CALL SUBOPT_0x3
                 ; 0004 00A9     lcd_gotoxy(0, 1);
                 ; 0004 00AA     lcd_print(" Starting...    ");
                +
000484 e5a5     +LDI R26 , LOW ( _0x8003B + ( 17 ) )
000485 e0b3     +LDI R27 , HIGH ( _0x8003B + ( 17 ) )
                 	__POINTW2MN _0x8003B,17
000486 940e 072c 	CALL SUBOPT_0xB
                 ; 0004 00AB     wait_ms(1500);
                 ; 0004 00AC 
                 ; 0004 00AD     while (1) {
                 _0x8003C:
                 ; 0004 00AE         lock_update_task();
000488 940e 0196 	CALL _lock_update_task
                 ; 0004 00AF 
                 ; 0004 00B0         lcd_clear();
00048a 940e 02a7 	CALL _lcd_clear
                 ; 0004 00B1         lcd_print("/: User  *:Admin"); // تغییر راهنما روی LCD
                +
00048c e6a6     +LDI R26 , LOW ( _0x8003B + ( 34 ) )
00048d e0b3     +LDI R27 , HIGH ( _0x8003B + ( 34 ) )
                 	__POINTW2MN _0x8003B,34
00048e 940e 06f0 	CALL SUBOPT_0x3
                 ; 0004 00B2         lcd_gotoxy(0, 1);
                 ; 0004 00B3         lcd_print("Select Mode...");
                +
000490 e7a7     +LDI R26 , LOW ( _0x8003B + ( 51 ) )
000491 e0b3     +LDI R27 , HIGH ( _0x8003B + ( 51 ) )
                 	__POINTW2MN _0x8003B,51
000492 940e 02b5 	CALL _lcd_print
                 ; 0004 00B4 
                 ; 0004 00B5         key = ui_get_key();
000494 de91      	RCALL _ui_get_key
000495 2f1e      	MOV  R17,R30
                 ; 0004 00B6 
                 ; 0004 00B7         if (key == '/') { // تغییر دکمه حالت کاربر به /
000496 321f      	CPI  R17,47
000497 f599      	BRNE _0x8003F
                 ; 0004 00B8             lcd_clear();
000498 940e 02a7 	CALL _lcd_clear
                 ; 0004 00B9             lcd_print("User Password:");
                +
00049a e8a6     +LDI R26 , LOW ( _0x8003B + ( 66 ) )
00049b e0b3     +LDI R27 , HIGH ( _0x8003B + ( 66 ) )
                 	__POINTW2MN _0x8003B,66
00049c 940e 072f 	CALL SUBOPT_0xC
                 ; 0004 00BA             if (get_input(input_buffer, lock_get_pass_len(), 1)) {
00049e f159      	BREQ _0x80040
                 ; 0004 00BB                 if (lock_verify_password(input_buffer, ROLE_USER)) {
00049f 01fe      	MOVW R30,R28
0004a0 93fa      	ST   -Y,R31
0004a1 93ea      	ST   -Y,R30
0004a2 e0a0      	LDI  R26,LOW(0)
0004a3 940e 01b5 	CALL _lock_verify_password
0004a5 9730      	SBIW R30,0
0004a6 f091      	BREQ _0x80041
                 ; 0004 00BC                     lock_reset_failures();
0004a7 940e 01f7 	CALL _lock_reset_failures
                 ; 0004 00BD                     lock_open_door();
0004a9 940e 0187 	CALL _lock_open_door
                 ; 0004 00BE                     lcd_clear(); lcd_print("Access Granted");
0004ab 940e 02a7 	CALL _lcd_clear
                +
0004ad e9a5     +LDI R26 , LOW ( _0x8003B + ( 81 ) )
0004ae e0b3     +LDI R27 , HIGH ( _0x8003B + ( 81 ) )
                 	__POINTW2MN _0x8003B,81
0004af 940e 06f0 	CALL SUBOPT_0x3
                 ; 0004 00BF                     lcd_gotoxy(0, 1); lcd_print("Door Opened");
                +
0004b1 eaa4     +LDI R26 , LOW ( _0x8003B + ( 96 ) )
0004b2 e0b3     +LDI R27 , HIGH ( _0x8003B + ( 96 ) )
                 	__POINTW2MN _0x8003B,96
0004b3 940e 02b5 	CALL _lcd_print
                 ; 0004 00C0                     wait_ms(2000);
0004b5 eda0      	LDI  R26,LOW(2000)
0004b6 e0b7      	LDI  R27,HIGH(2000)
0004b7 de58      	RCALL _wait_ms
                 ; 0004 00C1                 } else {
0004b8 c011      	RJMP _0x80042
                 _0x80041:
                 ; 0004 00C2                     lock_register_failure();
0004b9 940e 01f3 	CALL _lock_register_failure
                 ; 0004 00C3                     lcd_clear(); lcd_print("Wrong Password!");
0004bb 940e 02a7 	CALL _lcd_clear
                +
0004bd eba0     +LDI R26 , LOW ( _0x8003B + ( 108 ) )
0004be e0b3     +LDI R27 , HIGH ( _0x8003B + ( 108 ) )
                 	__POINTW2MN _0x8003B,108
0004bf 940e 072c 	CALL SUBOPT_0xB
                 ; 0004 00C4                     wait_ms(1500);
                 ; 0004 00C5                     if(lock_get_failed_attempts() >= lock_get_max_tries()) {
0004c1 940e 01f0 	CALL _lock_get_failed_attempts
0004c3 93ef      	PUSH R30
0004c4 940e 01de 	CALL _lock_get_max_tries
0004c6 91af      	POP  R26
0004c7 17ae      	CP   R26,R30
0004c8 f008      	BRLO _0x80043
                 ; 0004 00C6                         system_lockdown();
0004c9 dedd      	RCALL _system_lockdown
                 ; 0004 00C7                     }
                 ; 0004 00C8                 }
                 _0x80043:
                 _0x80042:
                 ; 0004 00C9             }
                 ; 0004 00CA         }
                 _0x80040:
                 ; 0004 00CB         else if (key == '*') { // تغییر دکمه حالت مدیر به *
0004ca c02c      	RJMP _0x80044
                 _0x8003F:
0004cb 321a      	CPI  R17,42
0004cc f551      	BRNE _0x80045
                 ; 0004 00CC             lcd_clear();
0004cd 940e 02a7 	CALL _lcd_clear
                 ; 0004 00CD             lcd_print("Admin Password:");
                +
0004cf eca0     +LDI R26 , LOW ( _0x8003B + ( 124 ) )
0004d0 e0b3     +LDI R27 , HIGH ( _0x8003B + ( 124 ) )
                 	__POINTW2MN _0x8003B,124
0004d1 940e 072f 	CALL SUBOPT_0xC
                 ; 0004 00CE             if (get_input(input_buffer, lock_get_pass_len(), 1)) {
0004d3 f119      	BREQ _0x80046
                 ; 0004 00CF                 if (lock_verify_password(input_buffer, ROLE_ADMIN)) {
0004d4 01fe      	MOVW R30,R28
0004d5 93fa      	ST   -Y,R31
0004d6 93ea      	ST   -Y,R30
0004d7 e0a1      	LDI  R26,LOW(1)
0004d8 940e 01b5 	CALL _lock_verify_password
0004da 9730      	SBIW R30,0
0004db f051      	BREQ _0x80047
                 ; 0004 00D0                     lock_reset_failures();
0004dc 940e 01f7 	CALL _lock_reset_failures
                 ; 0004 00D1                     lcd_clear(); lcd_print("Admin Verified!");
0004de 940e 02a7 	CALL _lcd_clear
                +
0004e0 eda0     +LDI R26 , LOW ( _0x8003B + ( 140 ) )
0004e1 e0b3     +LDI R27 , HIGH ( _0x8003B + ( 140 ) )
                 	__POINTW2MN _0x8003B,140
0004e2 940e 071c 	CALL SUBOPT_0x9
                 ; 0004 00D2                     wait_ms(1000);
                 ; 0004 00D3                     admin_menu();
0004e4 df09      	RCALL _admin_menu
                 ; 0004 00D4                 } else {
0004e5 c011      	RJMP _0x80048
                 _0x80047:
                 ; 0004 00D5                     lock_register_failure();
0004e6 940e 01f3 	CALL _lock_register_failure
                 ; 0004 00D6                     lcd_clear(); lcd_print("Wrong Password!");
0004e8 940e 02a7 	CALL _lcd_clear
                +
0004ea eea0     +LDI R26 , LOW ( _0x8003B + ( 156 ) )
0004eb e0b3     +LDI R27 , HIGH ( _0x8003B + ( 156 ) )
                 	__POINTW2MN _0x8003B,156
0004ec 940e 072c 	CALL SUBOPT_0xB
                 ; 0004 00D7                     wait_ms(1500);
                 ; 0004 00D8                     if(lock_get_failed_attempts() >= lock_get_max_tries()) {
0004ee 940e 01f0 	CALL _lock_get_failed_attempts
0004f0 93ef      	PUSH R30
0004f1 940e 01de 	CALL _lock_get_max_tries
0004f3 91af      	POP  R26
0004f4 17ae      	CP   R26,R30
0004f5 f008      	BRLO _0x80049
                 ; 0004 00D9                         system_lockdown();
0004f6 deb0      	RCALL _system_lockdown
                 ; 0004 00DA                     }
                 ; 0004 00DB                 }
                 _0x80049:
                 _0x80048:
                 ; 0004 00DC             }
                 ; 0004 00DD         }
                 _0x80046:
                 ; 0004 00DE     }
                 _0x80045:
                 _0x80044:
0004f7 cf90      	RJMP _0x8003C
                 ; 0004 00DF }
                 _0x8004A:
0004f8 cfff      	RJMP _0x8004A
                 ; .FEND
                 
                 	.DSEG
                 _0x8003B:
000344           	.BYTE 0xAC
                 
                 	.CSEG
                 _strcmp:
                 ; .FSTART _strcmp
0004f9 93ba      	ST   -Y,R27
0004fa 93aa      	ST   -Y,R26
0004fb 91e9          ld   r30,y+
0004fc 91f9          ld   r31,y+
0004fd 91a9          ld   r26,y+
0004fe 91b9          ld   r27,y+
                 strcmp0:
0004ff 916d          ld   r22,x+
000500 9171          ld   r23,z+
000501 1767          cp   r22,r23
000502 f421          brne strcmp1
000503 2366          tst  r22
000504 f7d1          brne strcmp0
                 strcmp3:
000505 27ee          clr  r30
000506 9508          ret
                 strcmp1:
000507 1b67          sub  r22,r23
000508 f3e1          breq strcmp3
000509 e0e1          ldi  r30,1
00050a f408          brcc strcmp2
00050b 50e2          subi r30,2
                 strcmp2:
00050c 9508          ret
                 ; .FEND
                 _strcpy:
                 ; .FSTART _strcpy
00050d 93ba      	ST   -Y,R27
00050e 93aa      	ST   -Y,R26
00050f 91e9          ld   r30,y+
000510 91f9          ld   r31,y+
000511 91a9          ld   r26,y+
000512 91b9          ld   r27,y+
000513 01cd          movw r24,r26
                 strcpy0:
000514 9161          ld   r22,z+
000515 936d          st   x+,r22
000516 2366          tst  r22
000517 f7e1          brne strcpy0
000518 01fc          movw r30,r24
000519 9508          ret
                 ; .FEND
                 _strlen:
                 ; .FSTART _strlen
00051a 93ba      	ST   -Y,R27
00051b 93aa      	ST   -Y,R26
00051c 91a9          ld   r26,y+
00051d 91b9          ld   r27,y+
00051e 27ee          clr  r30
00051f 27ff          clr  r31
                 strlen0:
000520 916d          ld   r22,x+
000521 2366          tst  r22
000522 f011          breq strlen1
000523 9631          adiw r30,1
000524 cffb          rjmp strlen0
                 strlen1:
000525 9508          ret
                 ; .FEND
                 _strlenf:
                 ; .FSTART _strlenf
000526 93ba      	ST   -Y,R27
000527 93aa      	ST   -Y,R26
000528 27aa          clr  r26
000529 27bb          clr  r27
00052a 91e9          ld   r30,y+
00052b 91f9          ld   r31,y+
                 strlenf0:
00052c 9005      	lpm  r0,z+
00052d 2000          tst  r0
00052e f011          breq strlenf1
00052f 9611          adiw r26,1
000530 cffb          rjmp strlenf0
                 strlenf1:
000531 01fd          movw r30,r26
000532 9508          ret
                 ; .FEND
                 	#ifndef __SLEEP_DEFINED__
                 	#endif
                 
                 	.CSEG
                 _put_buff_G101:
                 ; .FSTART _put_buff_G101
000533 93ba      	ST   -Y,R27
000534 93aa      	ST   -Y,R26
000535 931a      	ST   -Y,R17
000536 930a      	ST   -Y,R16
000537 81aa      	LDD  R26,Y+2
000538 81bb      	LDD  R27,Y+2+1
000539 9612      	ADIW R26,2
00053a 940e 079d 	CALL __GETW1P
00053c 9730      	SBIW R30,0
00053d f159      	BREQ _0x2020010
00053e 81aa      	LDD  R26,Y+2
00053f 81bb      	LDD  R27,Y+2+1
000540 9614      	ADIW R26,4
000541 940e 079d 	CALL __GETW1P
000543 018f      	MOVW R16,R30
000544 9730      	SBIW R30,0
000545 f061      	BREQ _0x2020012
                +
000546 3002     +CPI R16 , LOW ( 2 )
000547 e0e0     +LDI R30 , HIGH ( 2 )
000548 071e     +CPC R17 , R30
                 	__CPWRN 16,17,2
000549 f098      	BRLO _0x2020013
00054a 01f8      	MOVW R30,R16
00054b 9731      	SBIW R30,1
00054c 018f      	MOVW R16,R30
                +
00054d 81aa     +LDD R26 , Y + 2
00054e 81bb     +LDD R27 , Y + 2 + 1
00054f 9614     +ADIW R26 , 4
000550 93ed     +ST X + , R30
000551 93fc     +ST X , R31
                 	__PUTW1SNS 2,4
                 _0x2020012:
000552 81aa      	LDD  R26,Y+2
000553 81bb      	LDD  R27,Y+2+1
000554 9612      	ADIW R26,2
000555 91ed      	LD   R30,X+
000556 91fd      	LD   R31,X+
000557 9631      	ADIW R30,1
000558 93fe      	ST   -X,R31
000559 93ee      	ST   -X,R30
00055a 9731      	SBIW R30,1
00055b 81ac      	LDD  R26,Y+4
00055c 83a0      	STD  Z+0,R26
                 _0x2020013:
00055d 81aa      	LDD  R26,Y+2
00055e 81bb      	LDD  R27,Y+2+1
00055f 940e 079d 	CALL __GETW1P
000561 23ff      	TST  R31
000562 f02a      	BRMI _0x2020014
000563 91ed      	LD   R30,X+
000564 91fd      	LD   R31,X+
000565 9631      	ADIW R30,1
000566 93fe      	ST   -X,R31
000567 93ee      	ST   -X,R30
                 _0x2020014:
000568 c006      	RJMP _0x2020015
                 _0x2020010:
000569 81aa      	LDD  R26,Y+2
00056a 81bb      	LDD  R27,Y+2+1
00056b efef      	LDI  R30,LOW(65535)
00056c efff      	LDI  R31,HIGH(65535)
00056d 93ed      	ST   X+,R30
00056e 93fc      	ST   X,R31
                 _0x2020015:
00056f 8119      	LDD  R17,Y+1
000570 8108      	LDD  R16,Y+0
000571 9625      	ADIW R28,5
000572 9508      	RET
                 ; .FEND
                 __print_G101:
                 ; .FSTART __print_G101
000573 93ba      	ST   -Y,R27
000574 93aa      	ST   -Y,R26
000575 9726      	SBIW R28,6
000576 940e 07c8 	CALL __SAVELOCR6
000578 e010      	LDI  R17,0
000579 85ac      	LDD  R26,Y+12
00057a 85bd      	LDD  R27,Y+12+1
00057b e0e0      	LDI  R30,LOW(0)
00057c e0f0      	LDI  R31,HIGH(0)
00057d 93ed      	ST   X+,R30
00057e 93fc      	ST   X,R31
                 _0x2020016:
00057f 89ea      	LDD  R30,Y+18
000580 89fb      	LDD  R31,Y+18+1
000581 9631      	ADIW R30,1
000582 8bea      	STD  Y+18,R30
000583 8bfb      	STD  Y+18+1,R31
000584 9731      	SBIW R30,1
000585 91e4      	LPM  R30,Z
000586 2f2e      	MOV  R18,R30
000587 30e0      	CPI  R30,0
000588 f409      	BRNE PC+2
000589 c115      	RJMP _0x2020018
00058a 2fe1      	MOV  R30,R17
00058b 30e0      	CPI  R30,0
00058c f439      	BRNE _0x202001C
00058d 3225      	CPI  R18,37
00058e f411      	BRNE _0x202001D
00058f e011      	LDI  R17,LOW(1)
000590 c002      	RJMP _0x202001E
                 _0x202001D:
000591 940e 073f 	CALL SUBOPT_0xD
                 _0x202001E:
000593 c10a      	RJMP _0x202001B
                 _0x202001C:
000594 30e1      	CPI  R30,LOW(0x1)
000595 f4a9      	BRNE _0x202001F
000596 3225      	CPI  R18,37
000597 f419      	BRNE _0x2020020
000598 940e 073f 	CALL SUBOPT_0xD
00059a c102      	RJMP _0x20200CC
                 _0x2020020:
00059b e012      	LDI  R17,LOW(2)
00059c e040      	LDI  R20,LOW(0)
00059d e000      	LDI  R16,LOW(0)
00059e 322d      	CPI  R18,45
00059f f411      	BRNE _0x2020021
0005a0 e001      	LDI  R16,LOW(1)
0005a1 c0fc      	RJMP _0x202001B
                 _0x2020021:
0005a2 322b      	CPI  R18,43
0005a3 f411      	BRNE _0x2020022
0005a4 e24b      	LDI  R20,LOW(43)
0005a5 c0f8      	RJMP _0x202001B
                 _0x2020022:
0005a6 3220      	CPI  R18,32
0005a7 f411      	BRNE _0x2020023
0005a8 e240      	LDI  R20,LOW(32)
0005a9 c0f4      	RJMP _0x202001B
                 _0x2020023:
0005aa c002      	RJMP _0x2020024
                 _0x202001F:
0005ab 30e2      	CPI  R30,LOW(0x2)
0005ac f439      	BRNE _0x2020025
                 _0x2020024:
0005ad e050      	LDI  R21,LOW(0)
0005ae e013      	LDI  R17,LOW(3)
0005af 3320      	CPI  R18,48
0005b0 f411      	BRNE _0x2020026
0005b1 6800      	ORI  R16,LOW(128)
0005b2 c0eb      	RJMP _0x202001B
                 _0x2020026:
0005b3 c003      	RJMP _0x2020027
                 _0x2020025:
0005b4 30e3      	CPI  R30,LOW(0x3)
0005b5 f009      	BREQ PC+2
0005b6 c0e7      	RJMP _0x202001B
                 _0x2020027:
0005b7 3320      	CPI  R18,48
0005b8 f010      	BRLO _0x202002A
0005b9 332a      	CPI  R18,58
0005ba f008      	BRLO _0x202002B
                 _0x202002A:
0005bb c007      	RJMP _0x2020029
                 _0x202002B:
0005bc e0aa      	LDI  R26,LOW(10)
0005bd 9f5a      	MUL  R21,R26
0005be 2d50      	MOV  R21,R0
0005bf 2fe2      	MOV  R30,R18
0005c0 53e0      	SUBI R30,LOW(48)
0005c1 0f5e      	ADD  R21,R30
0005c2 c0db      	RJMP _0x202001B
                 _0x2020029:
0005c3 2fe2      	MOV  R30,R18
0005c4 36e3      	CPI  R30,LOW(0x63)
0005c5 f449      	BRNE _0x202002F
0005c6 940e 0746 	CALL SUBOPT_0xE
0005c8 89e8      	LDD  R30,Y+16
0005c9 89f9      	LDD  R31,Y+16+1
0005ca 81a4      	LDD  R26,Z+4
0005cb 93aa      	ST   -Y,R26
0005cc 940e 074c 	CALL SUBOPT_0xF
0005ce c0ce      	RJMP _0x2020030
                 _0x202002F:
0005cf 37e3      	CPI  R30,LOW(0x73)
0005d0 f441      	BRNE _0x2020032
0005d1 940e 0746 	CALL SUBOPT_0xE
0005d3 940e 0752 	CALL SUBOPT_0x10
0005d5 940e 051a 	CALL _strlen
0005d7 2f1e      	MOV  R17,R30
0005d8 c00a      	RJMP _0x2020033
                 _0x2020032:
0005d9 37e0      	CPI  R30,LOW(0x70)
0005da f461      	BRNE _0x2020035
0005db 940e 0746 	CALL SUBOPT_0xE
0005dd 940e 0752 	CALL SUBOPT_0x10
0005df 940e 0526 	CALL _strlenf
0005e1 2f1e      	MOV  R17,R30
0005e2 6008      	ORI  R16,LOW(8)
                 _0x2020033:
0005e3 6002      	ORI  R16,LOW(2)
0005e4 770f      	ANDI R16,LOW(127)
0005e5 e030      	LDI  R19,LOW(0)
0005e6 c034      	RJMP _0x2020036
                 _0x2020035:
0005e7 36e4      	CPI  R30,LOW(0x64)
0005e8 f011      	BREQ _0x2020039
0005e9 36e9      	CPI  R30,LOW(0x69)
0005ea f411      	BRNE _0x202003A
                 _0x2020039:
0005eb 6004      	ORI  R16,LOW(4)
0005ec c002      	RJMP _0x202003B
                 _0x202003A:
0005ed 37e5      	CPI  R30,LOW(0x75)
0005ee f431      	BRNE _0x202003C
                 _0x202003B:
0005ef e5e4      	LDI  R30,LOW(_tbl10_G101*2)
0005f0 e0f0      	LDI  R31,HIGH(_tbl10_G101*2)
0005f1 83ee      	STD  Y+6,R30
0005f2 83ff      	STD  Y+6+1,R31
0005f3 e015      	LDI  R17,LOW(5)
0005f4 c00c      	RJMP _0x202003D
                 _0x202003C:
0005f5 35e8      	CPI  R30,LOW(0x58)
0005f6 f411      	BRNE _0x202003F
0005f7 6008      	ORI  R16,LOW(8)
0005f8 c003      	RJMP _0x2020040
                 _0x202003F:
0005f9 37e8      	CPI  R30,LOW(0x78)
0005fa f009      	BREQ PC+2
0005fb c0a1      	RJMP _0x2020071
                 _0x2020040:
0005fc e5ee      	LDI  R30,LOW(_tbl16_G101*2)
0005fd e0f0      	LDI  R31,HIGH(_tbl16_G101*2)
0005fe 83ee      	STD  Y+6,R30
0005ff 83ff      	STD  Y+6+1,R31
000600 e014      	LDI  R17,LOW(4)
                 _0x202003D:
000601 ff02      	SBRS R16,2
000602 c014      	RJMP _0x2020042
000603 940e 0746 	CALL SUBOPT_0xE
000605 940e 075c 	CALL SUBOPT_0x11
000607 85ab      	LDD  R26,Y+11
000608 23aa      	TST  R26
000609 f43a      	BRPL _0x2020043
00060a 85ea      	LDD  R30,Y+10
00060b 85fb      	LDD  R31,Y+10+1
00060c 940e 0779 	CALL __ANEGW1
00060e 87ea      	STD  Y+10,R30
00060f 87fb      	STD  Y+10+1,R31
000610 e24d      	LDI  R20,LOW(45)
                 _0x2020043:
000611 3040      	CPI  R20,0
000612 f011      	BREQ _0x2020044
000613 5f1f      	SUBI R17,-LOW(1)
000614 c001      	RJMP _0x2020045
                 _0x2020044:
000615 7f0b      	ANDI R16,LOW(251)
                 _0x2020045:
000616 c004      	RJMP _0x2020046
                 _0x2020042:
000617 940e 0746 	CALL SUBOPT_0xE
000619 940e 075c 	CALL SUBOPT_0x11
                 _0x2020046:
                 _0x2020036:
00061b fd00      	SBRC R16,0
00061c c011      	RJMP _0x2020047
                 _0x2020048:
00061d 1715      	CP   R17,R21
00061e f478      	BRSH _0x202004A
00061f ff07      	SBRS R16,7
000620 c008      	RJMP _0x202004B
000621 ff02      	SBRS R16,2
000622 c004      	RJMP _0x202004C
000623 7f0b      	ANDI R16,LOW(251)
000624 2f24      	MOV  R18,R20
000625 5011      	SUBI R17,LOW(1)
000626 c001      	RJMP _0x202004D
                 _0x202004C:
000627 e320      	LDI  R18,LOW(48)
                 _0x202004D:
000628 c001      	RJMP _0x202004E
                 _0x202004B:
000629 e220      	LDI  R18,LOW(32)
                 _0x202004E:
00062a 940e 073f 	CALL SUBOPT_0xD
00062c 5051      	SUBI R21,LOW(1)
00062d cfef      	RJMP _0x2020048
                 _0x202004A:
                 _0x2020047:
00062e 2f31      	MOV  R19,R17
00062f ff01      	SBRS R16,1
000630 c017      	RJMP _0x202004F
                 _0x2020050:
000631 3030      	CPI  R19,0
000632 f0a1      	BREQ _0x2020052
000633 ff03      	SBRS R16,3
000634 c006      	RJMP _0x2020053
000635 81ee      	LDD  R30,Y+6
000636 81ff      	LDD  R31,Y+6+1
000637 9125      	LPM  R18,Z+
000638 83ee      	STD  Y+6,R30
000639 83ff      	STD  Y+6+1,R31
00063a c005      	RJMP _0x2020054
                 _0x2020053:
00063b 81ae      	LDD  R26,Y+6
00063c 81bf      	LDD  R27,Y+6+1
00063d 912d      	LD   R18,X+
00063e 83ae      	STD  Y+6,R26
00063f 83bf      	STD  Y+6+1,R27
                 _0x2020054:
000640 940e 073f 	CALL SUBOPT_0xD
000642 3050      	CPI  R21,0
000643 f009      	BREQ _0x2020055
000644 5051      	SUBI R21,LOW(1)
                 _0x2020055:
000645 5031      	SUBI R19,LOW(1)
000646 cfea      	RJMP _0x2020050
                 _0x2020052:
000647 c04b      	RJMP _0x2020056
                 _0x202004F:
                 _0x2020058:
000648 e320      	LDI  R18,LOW(48)
000649 81ee      	LDD  R30,Y+6
00064a 81ff      	LDD  R31,Y+6+1
00064b 940e 07ab 	CALL __GETW1PF
00064d 87e8      	STD  Y+8,R30
00064e 87f9      	STD  Y+8+1,R31
00064f 81ee      	LDD  R30,Y+6
000650 81ff      	LDD  R31,Y+6+1
000651 9632      	ADIW R30,2
000652 83ee      	STD  Y+6,R30
000653 83ff      	STD  Y+6+1,R31
                 _0x202005A:
000654 85e8      	LDD  R30,Y+8
000655 85f9      	LDD  R31,Y+8+1
000656 85aa      	LDD  R26,Y+10
000657 85bb      	LDD  R27,Y+10+1
000658 17ae      	CP   R26,R30
000659 07bf      	CPC  R27,R31
00065a f050      	BRLO _0x202005C
00065b 5f2f      	SUBI R18,-LOW(1)
00065c 85a8      	LDD  R26,Y+8
00065d 85b9      	LDD  R27,Y+8+1
00065e 85ea      	LDD  R30,Y+10
00065f 85fb      	LDD  R31,Y+10+1
000660 1bea      	SUB  R30,R26
000661 0bfb      	SBC  R31,R27
000662 87ea      	STD  Y+10,R30
000663 87fb      	STD  Y+10+1,R31
000664 cfef      	RJMP _0x202005A
                 _0x202005C:
000665 332a      	CPI  R18,58
000666 f028      	BRLO _0x202005D
000667 ff03      	SBRS R16,3
000668 c002      	RJMP _0x202005E
000669 5f29      	SUBI R18,-LOW(7)
00066a c001      	RJMP _0x202005F
                 _0x202005E:
00066b 5d29      	SUBI R18,-LOW(39)
                 _0x202005F:
                 _0x202005D:
00066c fd04      	SBRC R16,4
00066d c01a      	RJMP _0x2020061
00066e 3321      	CPI  R18,49
00066f f420      	BRSH _0x2020063
000670 85a8      	LDD  R26,Y+8
000671 85b9      	LDD  R27,Y+8+1
000672 9711      	SBIW R26,1
000673 f409      	BRNE _0x2020062
                 _0x2020063:
000674 c009      	RJMP _0x20200CD
                 _0x2020062:
000675 1753      	CP   R21,R19
000676 f010      	BRLO _0x2020067
000677 ff00      	SBRS R16,0
000678 c001      	RJMP _0x2020068
                 _0x2020067:
000679 c013      	RJMP _0x2020066
                 _0x2020068:
00067a e220      	LDI  R18,LOW(32)
00067b ff07      	SBRS R16,7
00067c c00b      	RJMP _0x2020069
00067d e320      	LDI  R18,LOW(48)
                 _0x20200CD:
00067e 6100      	ORI  R16,LOW(16)
00067f ff02      	SBRS R16,2
000680 c007      	RJMP _0x202006A
000681 7f0b      	ANDI R16,LOW(251)
000682 934a      	ST   -Y,R20
000683 940e 074c 	CALL SUBOPT_0xF
000685 3050      	CPI  R21,0
000686 f009      	BREQ _0x202006B
000687 5051      	SUBI R21,LOW(1)
                 _0x202006B:
                 _0x202006A:
                 _0x2020069:
                 _0x2020061:
000688 940e 073f 	CALL SUBOPT_0xD
00068a 3050      	CPI  R21,0
00068b f009      	BREQ _0x202006C
00068c 5051      	SUBI R21,LOW(1)
                 _0x202006C:
                 _0x2020066:
00068d 5031      	SUBI R19,LOW(1)
00068e 85a8      	LDD  R26,Y+8
00068f 85b9      	LDD  R27,Y+8+1
000690 9712      	SBIW R26,2
000691 f008      	BRLO _0x2020059
000692 cfb5      	RJMP _0x2020058
                 _0x2020059:
                 _0x2020056:
000693 ff00      	SBRS R16,0
000694 c008      	RJMP _0x202006D
                 _0x202006E:
000695 3050      	CPI  R21,0
000696 f031      	BREQ _0x2020070
000697 5051      	SUBI R21,LOW(1)
000698 e2e0      	LDI  R30,LOW(32)
000699 93ea      	ST   -Y,R30
00069a 940e 074c 	CALL SUBOPT_0xF
00069c cff8      	RJMP _0x202006E
                 _0x2020070:
                 _0x202006D:
                 _0x2020071:
                 _0x2020030:
                 _0x20200CC:
00069d e010      	LDI  R17,LOW(0)
                 _0x202001B:
00069e cee0      	RJMP _0x2020016
                 _0x2020018:
00069f 85ac      	LDD  R26,Y+12
0006a0 85bd      	LDD  R27,Y+12+1
0006a1 940e 079d 	CALL __GETW1P
0006a3 940e 07cf 	CALL __LOADLOCR6
0006a5 9664      	ADIW R28,20
0006a6 9508      	RET
                 ; .FEND
                 _sprintf:
                 ; .FSTART _sprintf
0006a7 92ff      	PUSH R15
0006a8 2ef8      	MOV  R15,R24
0006a9 9726      	SBIW R28,6
0006aa 940e 07ca 	CALL __SAVELOCR4
0006ac 940e 0764 	CALL SUBOPT_0x12
0006ae 9730      	SBIW R30,0
0006af f419      	BRNE _0x2020072
0006b0 efef      	LDI  R30,LOW(65535)
0006b1 efff      	LDI  R31,HIGH(65535)
0006b2 c023      	RJMP _0x2060001
                 _0x2020072:
0006b3 01de      	MOVW R26,R28
0006b4 9616      	ADIW R26,6
0006b5 940e 076b 	CALL __ADDW2R15
0006b7 018d      	MOVW R16,R26
0006b8 940e 0764 	CALL SUBOPT_0x12
0006ba 83ee      	STD  Y+6,R30
0006bb 83ff      	STD  Y+6+1,R31
0006bc e0e0      	LDI  R30,LOW(0)
0006bd 87e8      	STD  Y+8,R30
0006be 87e9      	STD  Y+8+1,R30
0006bf 01de      	MOVW R26,R28
0006c0 961a      	ADIW R26,10
0006c1 940e 076b 	CALL __ADDW2R15
0006c3 940e 079d 	CALL __GETW1P
0006c5 93fa      	ST   -Y,R31
0006c6 93ea      	ST   -Y,R30
0006c7 931a      	ST   -Y,R17
0006c8 930a      	ST   -Y,R16
0006c9 e3e3      	LDI  R30,LOW(_put_buff_G101)
0006ca e0f5      	LDI  R31,HIGH(_put_buff_G101)
0006cb 93fa      	ST   -Y,R31
0006cc 93ea      	ST   -Y,R30
0006cd 01de      	MOVW R26,R28
0006ce 961a      	ADIW R26,10
0006cf dea3      	RCALL __print_G101
0006d0 019f      	MOVW R18,R30
0006d1 81ae      	LDD  R26,Y+6
0006d2 81bf      	LDD  R27,Y+6+1
0006d3 e0e0      	LDI  R30,LOW(0)
0006d4 93ec      	ST   X,R30
0006d5 01f9      	MOVW R30,R18
                 _0x2060001:
0006d6 940e 07d1 	CALL __LOADLOCR4
0006d8 962a      	ADIW R28,10
0006d9 90ff      	POP  R15
0006da 9508      	RET
                 ; .FEND
                 
                 	.CSEG
                 
                 	.DSEG
                 _user_pass_G000:
0003f0           	.BYTE 0xA
                 _admin_pass_G000:
0003fa           	.BYTE 0xA
                 _max_tries_G000:
000404           	.BYTE 0x1
                 _pass_len_G000:
000405           	.BYTE 0x1
                 _failed_attempts_G000:
000406           	.BYTE 0x1
                 _door_open_time_G000:
000407           	.BYTE 0x4
                 _is_door_open_G000:
00040b           	.BYTE 0x1
                 _g_millis:
00040c           	.BYTE 0x4
                 
                 	.CSEG
                 ;OPTIMIZER ADDED SUBROUTINE, CALLED 2 TIMES, CODE SIZE REDUCTION:1 WORDS
                 SUBOPT_0x0:
0006db 940e 04f9 	CALL _strcmp
0006dd e0a0      	LDI  R26,LOW(0)
0006de 940e 0798 	CALL __EQB12
0006e0 e0f0      	LDI  R31,0
0006e1 9508      	RET
                 
                 ;OPTIMIZER ADDED SUBROUTINE, CALLED 5 TIMES, CODE SIZE REDUCTION:5 WORDS
                 SUBOPT_0x1:
0006e2 93ea      	ST   -Y,R30
0006e3 e0a0      	LDI  R26,LOW(0)
0006e4 940c 0246 	JMP  _lcd_send
                 
                 ;OPTIMIZER ADDED SUBROUTINE, CALLED 3 TIMES, CODE SIZE REDUCTION:15 WORDS
                 SUBOPT_0x2:
                +
0006e6 e000     +LDI R16 , LOW ( 0 )
0006e7 e010     +LDI R17 , HIGH ( 0 )
                 	__GETWRN 16,17,0
0006e8 85a8      	LDD  R26,Y+8
0006e9 85b9      	LDD  R27,Y+8+1
0006ea e0e0      	LDI  R30,LOW(0)
0006eb 93ec      	ST   X,R30
0006ec 93ea      	ST   -Y,R30
0006ed e0a1      	LDI  R26,LOW(1)
0006ee 940c 02c4 	JMP  _lcd_gotoxy
                 
                 ;OPTIMIZER ADDED SUBROUTINE, CALLED 7 TIMES, CODE SIZE REDUCTION:27 WORDS
                 SUBOPT_0x3:
0006f0 940e 02b5 	CALL _lcd_print
0006f2 e0e0      	LDI  R30,LOW(0)
0006f3 93ea      	ST   -Y,R30
0006f4 e0a1      	LDI  R26,LOW(1)
0006f5 940c 02c4 	JMP  _lcd_gotoxy
                 
                 ;OPTIMIZER ADDED SUBROUTINE, CALLED 3 TIMES, CODE SIZE REDUCTION:1 WORDS
                 SUBOPT_0x4:
0006f7 93ea      	ST   -Y,R30
0006f8 e0a1      	LDI  R26,LOW(1)
0006f9 940c 02c4 	JMP  _lcd_gotoxy
                 
                 ;OPTIMIZER ADDED SUBROUTINE, CALLED 4 TIMES, CODE SIZE REDUCTION:3 WORDS
                 SUBOPT_0x5:
0006fb edac      	LDI  R26,LOW(1500)
0006fc e0b5      	LDI  R27,HIGH(1500)
0006fd 940c 0310 	JMP  _wait_ms
                 
                 ;OPTIMIZER ADDED SUBROUTINE, CALLED 2 TIMES, CODE SIZE REDUCTION:1 WORDS
                 SUBOPT_0x6:
0006ff 940e 02ff 	CALL _millis
                +
000701 8bea     +STD Y + 18 , R30
000702 8bfb     +STD Y + 18 + 1 , R31
000703 8b6c     +STD Y + 18 + 2 , R22
000704 8b7d     +STD Y + 18 + 3 , R23
                 	__PUTD1S 18
000705 9508      	RET
                 
                 ;OPTIMIZER ADDED SUBROUTINE, CALLED 2 TIMES, CODE SIZE REDUCTION:11 WORDS
                 SUBOPT_0x7:
000706 940e 02b5 	CALL _lcd_print
000708 01fe      	MOVW R30,R28
000709 9631      	ADIW R30,1
00070a 93fa      	ST   -Y,R31
00070b 93ea      	ST   -Y,R30
00070c 940e 01e7 	CALL _lock_get_pass_len
00070e e0f0      	LDI  R31,0
00070f 93fa      	ST   -Y,R31
000710 93ea      	ST   -Y,R30
000711 e0a1      	LDI  R26,LOW(1)
000712 e0b0      	LDI  R27,0
000713 940e 0341 	CALL _get_input
000715 9730      	SBIW R30,0
000716 9508      	RET
                 
                 ;OPTIMIZER ADDED SUBROUTINE, CALLED 4 TIMES, CODE SIZE REDUCTION:3 WORDS
                 SUBOPT_0x8:
000717 01fe      	MOVW R30,R28
000718 9631      	ADIW R30,1
000719 93fa      	ST   -Y,R31
00071a 93ea      	ST   -Y,R30
00071b 9508      	RET
                 
                 ;OPTIMIZER ADDED SUBROUTINE, CALLED 4 TIMES, CODE SIZE REDUCTION:9 WORDS
                 SUBOPT_0x9:
00071c 940e 02b5 	CALL _lcd_print
00071e eea8      	LDI  R26,LOW(1000)
00071f e0b3      	LDI  R27,HIGH(1000)
000720 940c 0310 	JMP  _wait_ms
                 
                 ;OPTIMIZER ADDED SUBROUTINE, CALLED 2 TIMES, CODE SIZE REDUCTION:4 WORDS
                 SUBOPT_0xA:
000722 e0e1      	LDI  R30,LOW(1)
000723 e0f0      	LDI  R31,HIGH(1)
000724 93fa      	ST   -Y,R31
000725 93ea      	ST   -Y,R30
000726 e0a0      	LDI  R26,LOW(0)
000727 e0b0      	LDI  R27,0
000728 940e 0341 	CALL _get_input
00072a 9730      	SBIW R30,0
00072b 9508      	RET
                 
                 ;OPTIMIZER ADDED SUBROUTINE, CALLED 3 TIMES, CODE SIZE REDUCTION:1 WORDS
                 SUBOPT_0xB:
00072c 940e 02b5 	CALL _lcd_print
00072e cfcc      	RJMP SUBOPT_0x5
                 
                 ;OPTIMIZER ADDED SUBROUTINE, CALLED 2 TIMES, CODE SIZE REDUCTION:11 WORDS
                 SUBOPT_0xC:
00072f 940e 02b5 	CALL _lcd_print
000731 01fe      	MOVW R30,R28
000732 93fa      	ST   -Y,R31
000733 93ea      	ST   -Y,R30
000734 940e 01e7 	CALL _lock_get_pass_len
000736 e0f0      	LDI  R31,0
000737 93fa      	ST   -Y,R31
000738 93ea      	ST   -Y,R30
000739 e0a1      	LDI  R26,LOW(1)
00073a e0b0      	LDI  R27,0
00073b 940e 0341 	CALL _get_input
00073d 9730      	SBIW R30,0
00073e 9508      	RET
                 
                 ;OPTIMIZER ADDED SUBROUTINE, CALLED 5 TIMES, CODE SIZE REDUCTION:13 WORDS
                 SUBOPT_0xD:
00073f 932a      	ST   -Y,R18
000740 85ad      	LDD  R26,Y+13
000741 85be      	LDD  R27,Y+13+1
000742 85ef      	LDD  R30,Y+15
000743 89f8      	LDD  R31,Y+15+1
000744 9509      	ICALL
000745 9508      	RET
                 
                 ;OPTIMIZER ADDED SUBROUTINE, CALLED 5 TIMES, CODE SIZE REDUCTION:9 WORDS
                 SUBOPT_0xE:
000746 89e8      	LDD  R30,Y+16
000747 89f9      	LDD  R31,Y+16+1
000748 9734      	SBIW R30,4
000749 8be8      	STD  Y+16,R30
00074a 8bf9      	STD  Y+16+1,R31
00074b 9508      	RET
                 
                 ;OPTIMIZER ADDED SUBROUTINE, CALLED 3 TIMES, CODE SIZE REDUCTION:3 WORDS
                 SUBOPT_0xF:
00074c 85ad      	LDD  R26,Y+13
00074d 85be      	LDD  R27,Y+13+1
00074e 85ef      	LDD  R30,Y+15
00074f 89f8      	LDD  R31,Y+15+1
000750 9509      	ICALL
000751 9508      	RET
                 
                 ;OPTIMIZER ADDED SUBROUTINE, CALLED 2 TIMES, CODE SIZE REDUCTION:4 WORDS
                 SUBOPT_0x10:
000752 89a8      	LDD  R26,Y+16
000753 89b9      	LDD  R27,Y+16+1
000754 9614      	ADIW R26,4
000755 940e 079d 	CALL __GETW1P
000757 83ee      	STD  Y+6,R30
000758 83ff      	STD  Y+6+1,R31
000759 81ae      	LDD  R26,Y+6
00075a 81bf      	LDD  R27,Y+6+1
00075b 9508      	RET
                 
                 ;OPTIMIZER ADDED SUBROUTINE, CALLED 2 TIMES, CODE SIZE REDUCTION:2 WORDS
                 SUBOPT_0x11:
00075c 89a8      	LDD  R26,Y+16
00075d 89b9      	LDD  R27,Y+16+1
00075e 9614      	ADIW R26,4
00075f 940e 079d 	CALL __GETW1P
000761 87ea      	STD  Y+10,R30
000762 87fb      	STD  Y+10+1,R31
000763 9508      	RET
                 
                 ;OPTIMIZER ADDED SUBROUTINE, CALLED 2 TIMES, CODE SIZE REDUCTION:1 WORDS
                 SUBOPT_0x12:
000764 01de      	MOVW R26,R28
000765 961c      	ADIW R26,12
000766 940e 076b 	CALL __ADDW2R15
000768 940e 079d 	CALL __GETW1P
00076a 9508      	RET
                 
                 
                 	.CSEG
                 __ADDW2R15:
00076b 2400      	CLR  R0
00076c 0daf      	ADD  R26,R15
00076d 1db0      	ADC  R27,R0
00076e 9508      	RET
                 
                 __SUBD12:
00076f 1bea      	SUB  R30,R26
000770 0bfb      	SBC  R31,R27
000771 0b68      	SBC  R22,R24
000772 0b79      	SBC  R23,R25
000773 9508      	RET
                 
                 __SUBD21:
000774 1bae      	SUB  R26,R30
000775 0bbf      	SBC  R27,R31
000776 0b86      	SBC  R24,R22
000777 0b97      	SBC  R25,R23
000778 9508      	RET
                 
                 __ANEGW1:
000779 95f1      	NEG  R31
00077a 95e1      	NEG  R30
00077b 40f0      	SBCI R31,0
00077c 9508      	RET
                 
                 __LSLB12:
00077d 23ee      	TST  R30
00077e 2e0e      	MOV  R0,R30
00077f 2fea      	MOV  R30,R26
000780 f019      	BREQ __LSLB12R
                 __LSLB12L:
000781 0fee      	LSL  R30
000782 940a      	DEC  R0
000783 f7e9      	BRNE __LSLB12L
                 __LSLB12R:
000784 9508      	RET
                 
                 __LSLW12:
000785 23ee      	TST  R30
000786 2e0e      	MOV  R0,R30
000787 01fd      	MOVW R30,R26
000788 f021      	BREQ __LSLW12R
                 __LSLW12L:
000789 0fee      	LSL  R30
00078a 1fff      	ROL  R31
00078b 940a      	DEC  R0
00078c f7e1      	BRNE __LSLW12L
                 __LSLW12R:
00078d 9508      	RET
                 
                 __LSLW2:
00078e 0fee      	LSL  R30
00078f 1fff      	ROL  R31
000790 0fee      	LSL  R30
000791 1fff      	ROL  R31
000792 9508      	RET
                 
                 __CWD1:
000793 2f6f      	MOV  R22,R31
000794 0f66      	ADD  R22,R22
000795 0b66      	SBC  R22,R22
000796 2f76      	MOV  R23,R22
000797 9508      	RET
                 
                 __EQB12:
000798 17ea      	CP   R30,R26
000799 e0e1      	LDI  R30,1
00079a f009      	BREQ __EQB12T
00079b 27ee      	CLR  R30
                 __EQB12T:
00079c 9508      	RET
                 
                 __GETW1P:
00079d 91ed      	LD   R30,X+
00079e 91fc      	LD   R31,X
00079f 9711      	SBIW R26,1
0007a0 9508      	RET
                 
                 __GETD1P_INC:
0007a1 91ed      	LD   R30,X+
0007a2 91fd      	LD   R31,X+
0007a3 916d      	LD   R22,X+
0007a4 917d      	LD   R23,X+
0007a5 9508      	RET
                 
                 __PUTDP1_DEC:
0007a6 937e      	ST   -X,R23
0007a7 936e      	ST   -X,R22
0007a8 93fe      	ST   -X,R31
0007a9 93ee      	ST   -X,R30
0007aa 9508      	RET
                 
                 __GETW1PF:
0007ab 9005      	LPM  R0,Z+
0007ac 91f4      	LPM  R31,Z
0007ad 2de0      	MOV  R30,R0
0007ae 9508      	RET
                 
                 __GETD1S0:
0007af 81e8      	LD   R30,Y
0007b0 81f9      	LDD  R31,Y+1
0007b1 816a      	LDD  R22,Y+2
0007b2 817b      	LDD  R23,Y+3
0007b3 9508      	RET
                 
                 __GETD2S0:
0007b4 81a8      	LD   R26,Y
0007b5 81b9      	LDD  R27,Y+1
0007b6 818a      	LDD  R24,Y+2
0007b7 819b      	LDD  R25,Y+3
0007b8 9508      	RET
                 
                 __PUTD1S0:
0007b9 83e8      	ST   Y,R30
0007ba 83f9      	STD  Y+1,R31
0007bb 836a      	STD  Y+2,R22
0007bc 837b      	STD  Y+3,R23
0007bd 9508      	RET
                 
                 __PUTPARD1:
0007be 937a      	ST   -Y,R23
0007bf 936a      	ST   -Y,R22
0007c0 93fa      	ST   -Y,R31
0007c1 93ea      	ST   -Y,R30
0007c2 9508      	RET
                 
                 __CPD21:
0007c3 17ae      	CP   R26,R30
0007c4 07bf      	CPC  R27,R31
0007c5 0786      	CPC  R24,R22
0007c6 0797      	CPC  R25,R23
0007c7 9508      	RET
                 
                 __SAVELOCR6:
0007c8 935a      	ST   -Y,R21
                 __SAVELOCR5:
0007c9 934a      	ST   -Y,R20
                 __SAVELOCR4:
0007ca 933a      	ST   -Y,R19
                 __SAVELOCR3:
0007cb 932a      	ST   -Y,R18
                 __SAVELOCR2:
0007cc 931a      	ST   -Y,R17
0007cd 930a      	ST   -Y,R16
0007ce 9508      	RET
                 
                 __LOADLOCR6:
0007cf 815d      	LDD  R21,Y+5
                 __LOADLOCR5:
0007d0 814c      	LDD  R20,Y+4
                 __LOADLOCR4:
0007d1 813b      	LDD  R19,Y+3
                 __LOADLOCR3:
0007d2 812a      	LDD  R18,Y+2
                 __LOADLOCR2:
0007d3 8119      	LDD  R17,Y+1
0007d4 8108      	LD   R16,Y
0007d5 9508      	RET
                 
                 __INITLOCB:
                 __INITLOCW:
0007d6 0fac      	ADD  R26,R28
0007d7 1fbd      	ADC  R27,R29
                 __INITLOC0:
0007d8 9005      	LPM  R0,Z+
0007d9 920d      	ST   X+,R0
0007da 958a      	DEC  R24
0007db f7e1      	BRNE __INITLOC0
0007dc 9508      	RET
                 
                 ;END OF CODE MARKER
                 __END_OF_CODE:


RESOURCE USE INFORMATION
------------------------

Notice:
The register and instruction counts are symbol table hit counts,
and hence implicitly used resources are not counted, eg, the
'lpm' instruction without operands implicitly uses r0 and z,
none of which are counted.

x,y,z are separate entities in the symbol table and are
counted separately from r26..r31 here.

.dseg memory usage only counts static data declared with .byte

ATmega32 register use summary:
r0 :  20 r1 :   3 r2 :   0 r3 :   0 r4 :   0 r5 :   0 r6 :   0 r7 :   0 
r8 :   0 r9 :   0 r10:   0 r11:   0 r12:   0 r13:   0 r14:   0 r15:   4 
r16:  54 r17:  58 r18:  29 r19:  17 r20:   9 r21:  17 r22:  37 r23:  21 
r24:  22 r25:   8 r26: 183 r27: 104 r28:  37 r29:   2 r30: 342 r31: 116 
x  :  38 y  : 286 z  :  18 
Registers used: 22 out of 35 (62.9%)

ATmega32 instruction use summary:
.lds  :   0 .lds.l:   0 .sts  :   0 .sts.l:   0 adc   :   6 add   :   8 
adiw  :  36 and   :   2 andi  :  14 asr   :   0 bclr  :   0 bld   :   0 
brbc  :   0 brbs  :   0 brcc  :   1 brcs  :   0 break :   0 breq  :  32 
brge  :   2 brhc  :   0 brhs  :   0 brid  :   0 brie  :   0 brlo  :  14 
brlt  :   2 brmi  :   1 brne  :  54 brpl  :   1 brsh  :   4 brtc  :   0 
brts  :   0 brvc  :   0 brvs  :   0 bset  :   0 bst   :   0 call  : 170 
cbi   :  15 cbr   :   0 clc   :   0 clh   :   0 cli   :   2 cln   :   0 
clr   :  13 cls   :   0 clt   :   0 clv   :   0 clz   :   0 com   :   1 
cp    :  12 cpc   :  14 cpi   :  56 cpse  :   0 dec   :   4 des   :   0 
eor   :   0 fmul  :   0 fmuls :   0 fmulsu:   0 icall :   2 ijmp  :   0 
in    :   4 inc   :   0 jmp   :  33 ld    :  51 ldd   : 121 ldi   : 215 
lds   :  13 lpm   :  15 lsl   :   4 lsr   :   9 mov   :  29 movw  :  34 
mul   :   1 muls  :   0 mulsu :   0 neg   :   2 nop   :   0 or    :   1 
ori   :   9 out   :  15 pop   :   3 push  :   3 rcall :  23 ret   :  62 
reti  :   1 rjmp  :  97 rol   :   5 ror   :   0 sbc   :   8 sbci  :   8 
sbi   :  12 sbic  :   1 sbis  :   0 sbiw  :  32 sbr   :   0 sbrc  :   2 
sbrs  :  10 sec   :   0 seh   :   0 sei   :   2 sen   :   0 ser   :   0 
ses   :   0 set   :   0 sev   :   0 sez   :   0 sleep :   0 spm   :   0 
st    : 119 std   :  38 sts   :   9 sub   :   4 subi  :  25 swap  :   3 
tst   :   8 wdr   :   0 
Instructions used: 62 out of 116 (53.4%)

ATmega32 memory use summary [bytes]:
Segment   Begin    End      Code   Data   Used    Size   Use%
---------------------------------------------------------------
[.cseg] 0x000000 0x000fba   3440    586   4026   32768  12.3%
[.dseg] 0x000060 0x000410      0    432    432    2048  21.1%
[.eseg] 0x000000 0x000000      0      0      0    1024   0.0%

Assembly complete, 0 errors, 2 warnings
